Source,Target,Weight
ADD,BAH,1
ADD,BEY,1
ADD,BKK,2
ADD,BOM,2
ADD,CAI,2
ADD,CAN,3
ADD,CDG,1
ADD,DEL,2
ADD,DMM,1
ADD,DOH,1
ADD,DXB,3
ADD,FCO,1
ADD,FRA,2
ADD,HKG,1
ADD,IST,1
ADD,JED,6
ADD,JNB,2
ADD,KWI,2
ADD,LHR,1
ADD,MCT,2
ADD,NBO,4
ADD,PEK,2
ADD,PVG,1
ADD,RUH,2
ADD,TLV,1
AGP,AMS,3
AGP,ARN,2
AGP,BCN,3
AGP,BGY,1
AGP,BHX,2
AGP,BLQ,1
AGP,BOD,1
AGP,BRS,2
AGP,BRU,5
AGP,BSL,1
AGP,BUD,1
AGP,CDG,3
AGP,CGN,3
AGP,CIA,1
AGP,CMN,2
AGP,CPH,4
AGP,CRL,1
AGP,DME,2
AGP,DUB,2
AGP,DUS,2
AGP,EDI,2
AGP,EIN,2
AGP,FCO,3
AGP,FRA,1
AGP,GLA,3
AGP,GOT,2
AGP,GVA,2
AGP,HAJ,2
AGP,HAM,4
AGP,HEL,2
AGP,IBZ,2
AGP,IST,1
AGP,KRK,1
AGP,LCY,2
AGP,LGW,6
AGP,LHR,2
AGP,LIS,2
AGP,LPA,2
AGP,LTN,3
AGP,LUX,1
AGP,LYS,2
AGP,MAD,2
AGP,MAN,5
AGP,MRS,1
AGP,MUC,5
AGP,MXP,1
AGP,NTE,2
AGP,ORY,3
AGP,OSL,2
AGP,PMI,5
AGP,PRG,1
AGP,SOF,1
AGP,STN,2
AGP,STR,2
AGP,SVO,2
AGP,SXF,1
AGP,TLS,2
AGP,TXL,2
AGP,VIE,2
AGP,VKO,1
AGP,VLC,1
AGP,WAW,1
AGP,YUL,1
AGP,ZRH,1
AKL,BKK,2
AKL,BNE,7
AKL,CAN,1
AKL,HKG,2
AKL,ICN,1
AKL,KUL,1
AKL,LAX,2
AKL,MEL,7
AKL,NRT,3
AKL,PER,2
AKL,PVG,2
AKL,SCL,2
AKL,SFO,2
AKL,SIN,3
AKL,SYD,10
ALC,ALG,1
ALC,AMS,3
ALC,ARN,2
ALC,BCN,2
ALC,BGY,1
ALC,BHX,4
ALC,BLQ,1
ALC,BRS,3
ALC,BRU,4
ALC,BSL,1
ALC,CGN,1
ALC,CPH,3
ALC,CRL,1
ALC,DME,4
ALC,DUB,2
ALC,DUS,1
ALC,EDI,3
ALC,EIN,2
ALC,FCO,2
ALC,FRA,1
ALC,GLA,3
ALC,GOT,1
ALC,GVA,1
ALC,HAM,2
ALC,HEL,1
ALC,IBZ,2
ALC,KEF,2
ALC,KRK,1
ALC,LGW,6
ALC,LPA,1
ALC,LTN,2
ALC,MAD,1
ALC,MAN,5
ALC,MUC,2
ALC,ORY,2
ALC,OSL,2
ALC,PMI,3
ALC,STN,1
ALC,STR,1
ALC,TFS,1
ALC,TXL,1
ALC,ZRH,1
ALG,ALC,1
ALG,AMM,2
ALG,BCN,3
ALG,BEY,1
ALG,BOD,1
ALG,BRU,1
ALG,CAI,2
ALG,CDG,5
ALG,CGN,1
ALG,CMN,2
ALG,DOH,1
ALG,DXB,2
ALG,FCO,2
ALG,FRA,2
ALG,GVA,1
ALG,IST,2
ALG,LGW,1
ALG,LHR,1
ALG,LIS,2
ALG,LYS,2
ALG,MAD,2
ALG,MED,1
ALG,MLA,1
ALG,MRS,3
ALG,MXP,1
ALG,NCE,1
ALG,ORY,2
ALG,PEK,1
ALG,PMI,1
ALG,SVO,1
ALG,TLS,2
ALG,TUN,2
ALG,VIE,1
ALG,YUL,1
AMM,ALG,2
AMM,AMS,1
AMM,ATH,1
AMM,AUH,3
AMM,BAH,2
AMM,BCN,2
AMM,BEY,3
AMM,BKK,2
AMM,BOM,1
AMM,CAI,3
AMM,CDG,2
AMM,DEL,1
AMM,DME,2
AMM,DMM,1
AMM,DOH,2
AMM,DXB,4
AMM,FCO,3
AMM,FRA,3
AMM,GVA,1
AMM,IST,2
AMM,JED,4
AMM,JFK,3
AMM,KBP,1
AMM,KWI,3
AMM,LCA,1
AMM,LHR,2
AMM,MAD,2
AMM,MCT,2
AMM,MED,3
AMM,MUC,2
AMM,ORD,3
AMM,OTP,2
AMM,RUH,3
AMM,SHJ,1
AMM,TLV,2
AMM,TUN,1
AMM,TXL,2
AMM,VIE,3
AMM,YUL,3
AMM,ZRH,1
AMS,AGP,3
AMS,ALC,3
AMS,AMM,1
AMS,ARN,4
AMS,ATH,2
AMS,ATL,2
AMS,AUA,2
AMS,AUH,7
AMS,AYT,2
AMS,BCN,5
AMS,BEG,2
AMS,BHX,2
AMS,BKK,3
AMS,BLQ,3
AMS,BOD,3
AMS,BOM,2
AMS,BOS,2
AMS,BRS,3
AMS,BRU,1
AMS,BSL,3
AMS,BUD,1
AMS,CAI,2
AMS,CAN,2
AMS,CDG,3
AMS,CGN,2
AMS,CMN,2
AMS,CPH,6
AMS,CTU,2
AMS,DEL,1
AMS,DFW,2
AMS,DMM,3
AMS,DOH,3
AMS,DTW,2
AMS,DUB,1
AMS,DUS,2
AMS,DXB,3
AMS,EDI,2
AMS,EWR,4
AMS,EZE,1
AMS,FAO,1
AMS,FCO,4
AMS,FRA,4
AMS,FUK,1
AMS,GDN,1
AMS,GIG,1
AMS,GLA,3
AMS,GOT,1
AMS,GRU,1
AMS,GVA,2
AMS,HAJ,2
AMS,HAM,3
AMS,HAV,1
AMS,HEL,4
AMS,HER,1
AMS,HGH,2
AMS,HKG,2
AMS,IAD,4
AMS,IAH,4
AMS,IBZ,3
AMS,ICN,2
AMS,IKA,1
AMS,IST,2
AMS,JFK,2
AMS,JNB,1
AMS,KBP,2
AMS,KEF,1
AMS,KIX,1
AMS,KRK,1
AMS,KUL,3
AMS,KWI,3
AMS,LAX,2
AMS,LCA,2
AMS,LCY,4
AMS,LED,2
AMS,LGW,2
AMS,LHR,5
AMS,LIM,2
AMS,LIS,8
AMS,LPA,1
AMS,LTN,1
AMS,LUX,1
AMS,LYS,2
AMS,MAD,3
AMS,MAN,3
AMS,MEX,1
AMS,MLA,2
AMS,MRS,2
AMS,MSP,2
AMS,MSQ,1
AMS,MUC,2
AMS,MXP,1
AMS,NAP,1
AMS,NBO,3
AMS,NCE,3
AMS,NRT,1
AMS,NTE,2
AMS,OPO,4
AMS,ORD,4
AMS,OSL,3
AMS,OTP,2
AMS,PEK,2
AMS,PHL,2
AMS,PMI,3
AMS,PRG,4
AMS,PUJ,1
AMS,PVG,3
AMS,RAK,1
AMS,RIX,2
AMS,SAW,3
AMS,SEA,2
AMS,SFO,2
AMS,SIN,2
AMS,SKG,1
AMS,SOF,1
AMS,STN,1
AMS,STR,1
AMS,SVO,2
AMS,SXF,1
AMS,TFS,1
AMS,TLS,2
AMS,TLV,4
AMS,TPE,2
AMS,TUN,1
AMS,TXL,2
AMS,VCE,3
AMS,VIE,2
AMS,VLC,3
AMS,WAW,2
AMS,YUL,2
AMS,YVR,2
AMS,YYC,3
AMS,YYZ,3
AMS,ZRH,3
ARN,ADD,2
ARN,AGP,2
ARN,ALC,2
ARN,AMS,4
ARN,ATH,2
ARN,BCN,4
ARN,BEG,3
ARN,BHX,1
ARN,BKK,3
ARN,BLQ,1
ARN,BRU,1
ARN,BUD,1
ARN,CDG,3
ARN,CGN,1
ARN,CMN,1
ARN,CPH,3
ARN,DOH,1
ARN,DUB,2
ARN,DUS,3
ARN,DXB,2
ARN,EDI,2
ARN,EWR,2
ARN,FAO,1
ARN,FCO,2
ARN,FLL,1
ARN,FRA,3
ARN,GOT,4
ARN,GVA,4
ARN,HAM,2
ARN,HEL,5
ARN,IKA,2
ARN,IST,2
ARN,JFK,1
ARN,KEF,1
ARN,KRK,1
ARN,LAX,1
ARN,LCA,1
ARN,LCY,1
ARN,LED,2
ARN,LGW,1
ARN,LHR,6
ARN,LIS,2
ARN,LPA,1
ARN,LUX,1
ARN,MAD,2
ARN,MAN,3
ARN,MLA,1
ARN,MSQ,1
ARN,MUC,3
ARN,NCE,2
ARN,ORD,1
ARN,ORY,1
ARN,OSL,3
ARN,PEK,2
ARN,PMI,2
ARN,PRG,4
ARN,RIX,3
ARN,SAW,1
ARN,SKG,2
ARN,SVO,2
ARN,SXF,1
ARN,TLV,1
ARN,TXL,5
ARN,VCE,1
ARN,VIE,4
ARN,VNO,2
ARN,WAW,1
ARN,ZRH,2
ATH,AMM,1
ATH,AMS,2
ATH,ARN,2
ATH,AUH,2
ATH,BCN,4
ATH,BEG,3
ATH,BEY,1
ATH,BGY,1
ATH,BRU,2
ATH,BUD,1
ATH,CAI,2
ATH,CDG,3
ATH,CGN,1
ATH,CPH,2
ATH,DME,2
ATH,DOH,2
ATH,DUB,1
ATH,DUS,2
ATH,DXB,1
ATH,EDI,1
ATH,EIN,1
ATH,FCO,4
ATH,FRA,2
ATH,GVA,3
ATH,HAM,1
ATH,HEL,1
ATH,HER,4
ATH,IST,3
ATH,KBP,1
ATH,LCA,4
ATH,LED,1
ATH,LGW,1
ATH,LHR,4
ATH,LYS,3
ATH,MAD,2
ATH,MAN,3
ATH,MLA,1
ATH,MRS,3
ATH,MUC,3
ATH,MXP,3
ATH,NTE,2
ATH,ORY,2
ATH,OSL,3
ATH,OTP,3
ATH,PHL,3
ATH,PRG,1
ATH,RIX,1
ATH,SAW,1
ATH,SKG,3
ATH,SOF,4
ATH,STN,1
ATH,STR,1
ATH,SVO,1
ATH,SXF,1
ATH,TLS,1
ATH,TLV,2
ATH,TXL,2
ATH,VCE,2
ATH,VIE,2
ATH,WAW,2
ATH,YUL,1
ATH,YYZ,1
ATH,ZRH,1
ATL,AMS,2
ATL,AUA,3
ATL,BOG,1
ATL,BOS,8
ATL,BRU,3
ATL,CDG,4
ATL,CLT,8
ATL,CUN,9
ATL,DFW,11
ATL,DTW,8
ATL,DUB,3
ATL,DUS,3
ATL,DXB,1
ATL,EWR,7
ATL,EZE,1
ATL,FCO,5
ATL,FLL,8
ATL,FRA,5
ATL,GDL,6
ATL,GIG,2
ATL,GRU,1
ATL,HNL,1
ATL,IAD,9
ATL,IAH,9
ATL,ICN,2
ATL,JFK,10
ATL,JNB,1
ATL,LAX,10
ATL,LHR,8
ATL,LIM,1
ATL,MAD,4
ATL,MAN,4
ATL,MBJ,3
ATL,MCO,8
ATL,MEX,7
ATL,MIA,12
ATL,MSP,8
ATL,MUC,3
ATL,NRT,1
ATL,ORD,19
ATL,PHL,9
ATL,PUJ,3
ATL,SAL,1
ATL,SCL,2
ATL,SDQ,1
ATL,SEA,6
ATL,SFO,9
ATL,SJD,4
ATL,SJO,2
ATL,STR,3
ATL,YUL,3
ATL,YYZ,6
ATL,ZRH,1
AUA,AMS,1
AUA,ATL,3
AUA,BOG,2
AUA,BOS,1
AUA,CLT,2
AUA,EWR,1
AUA,FLL,1
AUA,IAD,1
AUA,JFK,2
AUA,MCO,1
AUA,MIA,5
AUA,PHL,2
AUA,YYZ,2
AUH,AMM,3
AUH,AMS,7
AUH,ATH,2
AUH,BAH,8
AUH,BEG,2
AUH,BEY,2
AUH,BKK,3
AUH,BLR,3
AUH,BOM,4
AUH,BRU,3
AUH,CAI,2
AUH,CDG,2
AUH,CGK,3
AUH,CMB,5
AUH,CMN,3
AUH,COK,4
AUH,CTU,3
AUH,DAC,1
AUH,DEL,4
AUH,DME,2
AUH,DMM,3
AUH,DOH,2
AUH,DUB,2
AUH,DUS,3
AUH,FCO,2
AUH,FRA,5
AUH,GRU,1
AUH,GVA,2
AUH,HKG,2
AUH,HKT,2
AUH,IAD,2
AUH,ICN,3
AUH,IKA,1
AUH,IST,2
AUH,JED,3
AUH,JFK,2
AUH,JNB,4
AUH,KHI,3
AUH,KTM,1
AUH,KUL,4
AUH,KWI,5
AUH,LCA,2
AUH,LHR,5
AUH,MAA,2
AUH,MAN,1
AUH,MCT,12
AUH,MED,3
AUH,MEL,3
AUH,MLE,2
AUH,MNL,2
AUH,MSQ,2
AUH,MUC,3
AUH,MXP,2
AUH,NBO,3
AUH,NRT,2
AUH,ORD,2
AUH,PEK,5
AUH,PVG,2
AUH,RUH,3
AUH,SGN,2
AUH,SIN,6
AUH,SYD,3
AUH,TXL,2
AUH,YYZ,2
AYT,AMS,2
AYT,BHX,3
AYT,BRS,2
AYT,BRU,2
AYT,BSL,2
AYT,CGN,5
AYT,CPH,1
AYT,DUS,5
AYT,EIN,1
AYT,FRA,4
AYT,GLA,1
AYT,GVA,1
AYT,HAJ,3
AYT,HAM,5
AYT,HEL,1
AYT,IST,3
AYT,LED,1
AYT,LGW,5
AYT,LTN,2
AYT,LUX,1
AYT,MAN,5
AYT,MUC,4
AYT,ORY,1
AYT,OSL,1
AYT,PRG,1
AYT,SAW,3
AYT,STR,4
AYT,SVO,2
AYT,SXF,2
AYT,TXL,3
AYT,VIE,4
AYT,VKO,2
AYT,ZRH,3
BAH,ADD,1
BAH,AMM,2
BAH,AUH,8
BAH,BEY,1
BAH,BKK,3
BAH,BOM,2
BAH,CAI,2
BAH,CDG,1
BAH,CMB,2
BAH,COK,1
BAH,DEL,1
BAH,DMM,2
BAH,DOH,10
BAH,DXB,5
BAH,FRA,1
BAH,IKA,1
BAH,IST,2
BAH,JED,2
BAH,KHI,1
BAH,KWI,4
BAH,LCA,1
BAH,LHR,4
BAH,MAA,1
BAH,MCT,3
BAH,MED,2
BAH,MNL,2
BAH,RUH,2
BAH,SHJ,1
BCN,AGP,3
BCN,ALC,2
BCN,ALG,3
BCN,AMM,2
BCN,AMS,5
BCN,ARN,4
BCN,ATH,4
BCN,BGY,1
BCN,BHX,2
BCN,BLQ,3
BCN,BOD,2
BCN,BOG,1
BCN,BRS,1
BCN,BRU,5
BCN,BSL,2
BCN,BUD,2
BCN,CAI,1
BCN,CDG,5
BCN,CGN,1
BCN,CIA,1
BCN,CMN,4
BCN,CPH,4
BCN,CRL,1
BCN,DME,3
BCN,DOH,2
BCN,DUB,2
BCN,DUS,4
BCN,DXB,1
BCN,EDI,3
BCN,EIN,1
BCN,EWR,2
BCN,EZE,1
BCN,FCO,4
BCN,FRA,4
BCN,GDN,1
BCN,GLA,1
BCN,GOT,3
BCN,GRU,1
BCN,GVA,2
BCN,HAJ,3
BCN,HAM,4
BCN,HEL,4
BCN,IBZ,3
BCN,IST,1
BCN,JFK,9
BCN,KBP,2
BCN,LED,3
BCN,LGW,6
BCN,LHR,3
BCN,LIS,4
BCN,LPA,3
BCN,LTN,1
BCN,LUX,3
BCN,LYS,3
BCN,MAD,3
BCN,MAN,3
BCN,MIA,5
BCN,MLA,2
BCN,MRS,2
BCN,MSQ,1
BCN,MUC,3
BCN,MXP,4
BCN,NAP,2
BCN,NCE,3
BCN,NTE,2
BCN,OPO,5
BCN,ORY,2
BCN,OSL,4
BCN,OTP,5
BCN,PHL,2
BCN,PMI,6
BCN,PRG,5
BCN,RAK,2
BCN,RIX,1
BCN,SAW,1
BCN,SIN,1
BCN,SOF,2
BCN,STN,1
BCN,STR,3
BCN,SVO,2
BCN,SXF,2
BCN,TFS,3
BCN,TLS,2
BCN,TLV,4
BCN,TUN,1
BCN,TXL,4
BCN,VCE,2
BCN,VIE,6
BCN,VNO,2
BCN,WAW,5
BCN,YUL,1
BCN,YYZ,2
BCN,ZRH,3
BEG,AMS,2
BEG,ARN,3
BEG,ATH,3
BEG,AUH,2
BEG,BRU,1
BEG,BUD,2
BEG,CDG,2
BEG,CPH,1
BEG,CRL,1
BEG,DUS,2
BEG,DXB,1
BEG,EIN,1
BEG,FCO,3
BEG,FRA,5
BEG,GVA,3
BEG,IST,1
BEG,LCA,2
BEG,LHR,2
BEG,LTN,1
BEG,MUC,2
BEG,MXP,3
BEG,OSL,1
BEG,OTP,2
BEG,PRG,1
BEG,SAW,2
BEG,SKG,1
BEG,SOF,1
BEG,STR,3
BEG,SVO,2
BEG,TLV,1
BEG,TUN,1
BEG,TXL,2
BEG,VIE,2
BEG,WAW,2
BEG,ZRH,2
BEY,ADD,1
BEY,ALG,1
BEY,AMM,3
BEY,ATH,1
BEY,AUH,2
BEY,BAH,1
BEY,BRU,1
BEY,CAI,2
BEY,CDG,2
BEY,CMN,1
BEY,DMM,1
BEY,DOH,2
BEY,DXB,2
BEY,FCO,2
BEY,FRA,2
BEY,GVA,1
BEY,IKA,1
BEY,IST,2
BEY,JED,2
BEY,KWI,3
BEY,LCA,2
BEY,LHR,2
BEY,MCT,1
BEY,MED,2
BEY,MSQ,1
BEY,MXP,2
BEY,OTP,2
BEY,RUH,2
BEY,SAW,1
BEY,SHJ,1
BEY,SVO,2
BEY,SXF,1
BEY,TUN,2
BGY,AGP,1
BGY,ALC,1
BGY,ATH,1
BGY,BCN,1
BGY,BRS,1
BGY,BUD,1
BGY,CMN,1
BGY,CRL,1
BGY,DUB,1
BGY,EIN,1
BGY,GDN,1
BGY,IBZ,1
BGY,KRK,1
BGY,LPA,1
BGY,MAD,1
BGY,MAN,1
BGY,MLA,1
BGY,OPO,1
BGY,OTP,1
BGY,PMI,1
BGY,PRG,1
BGY,RAK,1
BGY,RIX,1
BGY,SAW,1
BGY,SKG,1
BGY,SOF,1
BGY,STN,1
BGY,SXF,1
BGY,TFS,1
BGY,VLC,1
BGY,VNO,2
BGY,WAW,1
BHX,AGP,2
BHX,ALC,4
BHX,AMS,2
BHX,ARN,1
BHX,AYT,3
BHX,BCN,2
BHX,BRU,2
BHX,CDG,2
BHX,CGN,1
BHX,CPH,1
BHX,DEL,1
BHX,DUB,2
BHX,DUS,2
BHX,DXB,2
BHX,EDI,1
BHX,EWR,2
BHX,FAO,3
BHX,FCO,1
BHX,FRA,1
BHX,GDN,1
BHX,GLA,1
BHX,GOT,1
BHX,HAJ,1
BHX,HAM,1
BHX,HER,1
BHX,IBZ,1
BHX,IST,1
BHX,KRK,1
BHX,LCA,3
BHX,LPA,3
BHX,LYS,2
BHX,MLA,2
BHX,MUC,1
BHX,MXP,1
BHX,NCE,1
BHX,OPO,1
BHX,PMI,5
BHX,RAK,1
BHX,STR,1
BHX,TFS,5
BHX,TXL,1
BHX,VCE,1
BHX,ZRH,1
BKK,ADD,2
BKK,AKL,2
BKK,AMM,2
BKK,AMS,3
BKK,ARN,3
BKK,AUH,3
BKK,BAH,3
BKK,BLR,1
BKK,BNE,2
BKK,BOM,5
BKK,BRU,2
BKK,CAI,3
BKK,CAN,6
BKK,CDG,3
BKK,CGK,3
BKK,CMB,4
BKK,CPH,2
BKK,CTU,2
BKK,DAC,6
BKK,DEL,4
BKK,DME,3
BKK,DOH,1
BKK,DPS,1
BKK,DXB,3
BKK,FCO,1
BKK,FRA,2
BKK,FUK,2
BKK,HAN,4
BKK,HEL,1
BKK,HKG,12
BKK,HKT,10
BKK,HND,4
BKK,ICN,10
BKK,IKA,1
BKK,IST,2
BKK,JNB,2
BKK,KBP,1
BKK,KHH,1
BKK,KHI,2
BKK,KIX,4
BKK,KMG,2
BKK,KTM,2
BKK,KUL,9
BKK,KWI,1
BKK,LHR,4
BKK,MAA,2
BKK,MAD,1
BKK,MCT,1
BKK,MEL,3
BKK,MFM,2
BKK,MLE,1
BKK,MNL,4
BKK,MUC,2
BKK,MXP,1
BKK,NBO,3
BKK,NGO,2
BKK,NRT,8
BKK,OSL,3
BKK,PEK,3
BKK,PEN,2
BKK,PER,2
BKK,PNH,4
BKK,PUS,4
BKK,PVG,5
BKK,RGN,4
BKK,SGN,4
BKK,SIN,10
BKK,SVO,1
BKK,SYD,4
BKK,SZX,2
BKK,TAO,1
BKK,TLV,2
BKK,TPE,6
BKK,VIE,3
BKK,ZRH,2
BLQ,AGP,1
BLQ,ALC,1
BLQ,AMS,3
BLQ,ARN,1
BLQ,BCN,3
BLQ,BOD,1
BLQ,BRS,1
BLQ,BRU,1
BLQ,CDG,3
BLQ,CGN,1
BLQ,CMN,2
BLQ,CPH,1
BLQ,CRL,1
BLQ,DUB,2
BLQ,EDI,1
BLQ,EIN,1
BLQ,FCO,1
BLQ,FRA,1
BLQ,IBZ,1
BLQ,IST,1
BLQ,KRK,1
BLQ,LGW,1
BLQ,LHR,2
BLQ,LIS,3
BLQ,LYS,2
BLQ,MAD,2
BLQ,MAN,1
BLQ,MLA,1
BLQ,MUC,1
BLQ,OPO,1
BLQ,ORY,2
BLQ,OTP,1
BLQ,PMI,1
BLQ,SAW,1
BLQ,SOF,1
BLQ,STN,1
BLQ,SVO,2
BLQ,TFS,1
BLQ,TUN,1
BLQ,TXL,1
BLQ,VIE,1
BLQ,VLC,1
BLR,AUH,3
BLR,BKK,1
BLR,BOM,6
BLR,CDG,1
BLR,CMB,2
BLR,COK,5
BLR,DEL,6
BLR,DMM,1
BLR,DOH,1
BLR,DXB,1
BLR,FRA,2
BLR,HKG,2
BLR,JED,1
BLR,KUL,3
BLR,LHR,2
BLR,MAA,6
BLR,MCT,1
BLR,RUH,1
BLR,SHJ,1
BLR,SIN,3
BNE,AKL,8
BNE,BKK,2
BNE,CAN,1
BNE,DPS,3
BNE,DXB,2
BNE,HKG,3
BNE,HNL,1
BNE,ICN,1
BNE,KUL,1
BNE,LAX,4
BNE,MEL,5
BNE,PER,4
BNE,SIN,9
BNE,SYD,5
BNE,TPE,2
BOD,AGP,1
BOD,ALG,1
BOD,AMS,3
BOD,BCN,2
BOD,BLQ,1
BOD,BRS,1
BOD,BRU,1
BOD,BSL,1
BOD,CDG,2
BOD,CIA,1
BOD,CMN,1
BOD,CRL,1
BOD,DUB,1
BOD,EDI,1
BOD,FCO,3
BOD,GVA,2
BOD,HER,1
BOD,LGW,2
BOD,LIS,2
BOD,LTN,1
BOD,LYS,2
BOD,MAD,1
BOD,MRS,2
BOD,MUC,1
BOD,MXP,1
BOD,NCE,2
BOD,NTE,2
BOD,OPO,1
BOD,ORY,1
BOD,PMI,3
BOD,RAK,2
BOD,STN,1
BOD,TFS,1
BOD,TUN,1
BOD,VCE,1
BOD,YUL,1
BOD,ZRH,1
BOG,ATL,1
BOG,AUA,2
BOG,BCN,1
BOG,CDG,1
BOG,CUN,2
BOG,DFW,3
BOG,EWR,2
BOG,EZE,2
BOG,FLL,4
BOG,FRA,2
BOG,GIG,1
BOG,GRU,3
BOG,HAV,3
BOG,IAD,2
BOG,IAH,2
BOG,JFK,4
BOG,LIM,2
BOG,MAD,2
BOG,MCO,3
BOG,MEX,4
BOG,MIA,5
BOG,PUJ,2
BOG,SAL,1
BOG,SCL,2
BOG,SDQ,1
BOG,SJO,1
BOG,YYZ,2
BOM,ADD,2
BOM,AMM,1
BOM,AMS,2
BOM,AUH,4
BOM,BAH,2
BOM,BKK,5
BOM,BLR,6
BOM,BRU,2
BOM,CAI,2
BOM,CDG,1
BOM,CMB,4
BOM,COK,7
BOM,CTU,1
BOM,DAC,1
BOM,DEL,6
BOM,DMM,2
BOM,DOH,3
BOM,DXB,4
BOM,EWR,2
BOM,FRA,2
BOM,HKG,3
BOM,ICN,1
BOM,IKA,1
BOM,IST,2
BOM,JED,3
BOM,JNB,3
BOM,KHI,1
BOM,KTM,1
BOM,KUL,3
BOM,KWI,2
BOM,LHR,5
BOM,MAA,7
BOM,MCT,4
BOM,MUC,2
BOM,NBO,2
BOM,NRT,2
BOM,RUH,3
BOM,SHJ,1
BOM,SIN,3
BOM,TLV,1
BOM,ZRH,2
BOS,AMS,2
BOS,ATL,7
BOS,AUA,1
BOS,CDG,3
BOS,CLT,3
BOS,CUN,5
BOS,DFW,4
BOS,DTW,2
BOS,DUB,2
BOS,DXB,2
BOS,EWR,2
BOS,FCO,2
BOS,FLL,2
BOS,FRA,2
BOS,IAD,2
BOS,IAH,1
BOS,JFK,4
BOS,KEF,1
BOS,LAX,7
BOS,LHR,9
BOS,LIS,2
BOS,MAD,4
BOS,MCO,4
BOS,MIA,2
BOS,MSP,2
BOS,MUC,2
BOS,NRT,2
BOS,ORD,5
BOS,PHL,3
BOS,PUJ,1
BOS,SDQ,1
BOS,SEA,3
BOS,SFO,3
BOS,YUL,2
BOS,YYZ,2
BOS,ZRH,2
BRS,AGP,2
BRS,ALC,3
BRS,AMS,3
BRS,AYT,1
BRS,BCN,1
BRS,BGY,1
BRS,BLQ,1
BRS,BOD,1
BRS,BRU,1
BRS,BUD,1
BRS,CDG,1
BRS,CPH,1
BRS,DUB,2
BRS,EDI,1
BRS,FAO,2
BRS,FCO,1
BRS,FRA,1
BRS,GDN,1
BRS,GLA,1
BRS,GVA,1
BRS,HAM,1
BRS,HER,1
BRS,IBZ,1
BRS,KEF,1
BRS,KRK,1
BRS,LIS,1
BRS,LPA,3
BRS,MAD,1
BRS,MLA,2
BRS,MUC,1
BRS,MXP,1
BRS,NCE,1
BRS,PMI,5
BRS,PRG,1
BRS,RAK,1
BRS,SXF,1
BRS,TFS,5
BRS,TLS,2
BRS,VLC,1
BRS,ZRH,1
BRU,AGP,4
BRU,ALC,4
BRU,ALG,1
BRU,AMS,1
BRU,ARN,1
BRU,ATH,3
BRU,ATL,3
BRU,AUH,3
BRU,AYT,2
BRU,BCN,5
BRU,BEG,1
BRU,BEY,1
BRU,BHX,2
BRU,BKK,2
BRU,BLQ,1
BRU,BOD,1
BRU,BOM,2
BRU,BRS,1
BRU,BSL,3
BRU,BUD,1
BRU,CAI,2
BRU,CDG,2
BRU,CMN,3
BRU,CPH,4
BRU,DEL,2
BRU,DME,1
BRU,DOH,1
BRU,DUB,1
BRU,EDI,1
BRU,EWR,5
BRU,FAO,2
BRU,FCO,6
BRU,FRA,3
BRU,GDN,1
BRU,GOT,3
BRU,GVA,4
BRU,HAJ,3
BRU,HAM,2
BRU,HEL,1
BRU,HER,3
BRU,IAD,3
BRU,IBZ,3
BRU,IST,1
BRU,JFK,6
BRU,KBP,2
BRU,KEF,1
BRU,LGW,1
BRU,LHR,3
BRU,LIS,8
BRU,LPA,1
BRU,LYS,4
BRU,MAD,5
BRU,MAN,2
BRU,MLA,2
BRU,MRS,1
BRU,MUC,2
BRU,MXP,4
BRU,NAP,2
BRU,NCE,2
BRU,NTE,2
BRU,OPO,5
BRU,ORD,2
BRU,OSL,2
BRU,OTP,2
BRU,PEK,2
BRU,PHL,2
BRU,PMI,4
BRU,PRG,4
BRU,RAK,3
BRU,RIX,2
BRU,SAW,1
BRU,SOF,1
BRU,STR,1
BRU,SVO,1
BRU,SXF,1
BRU,TFS,1
BRU,TLS,2
BRU,TLV,2
BRU,TUN,1
BRU,TXL,3
BRU,VCE,3
BRU,VIE,2
BRU,VLC,3
BRU,VNO,4
BRU,WAW,1
BRU,YUL,4
BRU,YYZ,3
BRU,ZRH,2
BSL,AGP,1
BSL,ALC,1
BSL,AMS,3
BSL,AYT,2
BSL,BCN,2
BSL,BOD,1
BSL,BRU,3
BSL,BUD,1
BSL,CDG,3
BSL,CPH,1
BSL,DUB,1
BSL,DUS,1
BSL,EDI,1
BSL,FAO,1
BSL,FCO,2
BSL,FRA,3
BSL,HAM,3
BSL,HER,2
BSL,IBZ,1
BSL,IST,1
BSL,KEF,1
BSL,KRK,1
BSL,LCA,1
BSL,LCY,1
BSL,LGW,1
BSL,LHR,3
BSL,LIS,1
BSL,LPA,3
BSL,MAD,1
BSL,MAN,1
BSL,MUC,3
BSL,NAP,1
BSL,NCE,1
BSL,NTE,1
BSL,OPO,1
BSL,PMI,3
BSL,PRG,1
BSL,RAK,1
BSL,SAW,1
BSL,SKG,1
BSL,STN,1
BSL,SXF,1
BSL,TFS,3
BSL,TLS,1
BSL,TLV,1
BSL,VCE,1
BSL,VIE,2
BUD,AGP,1
BUD,AMS,1
BUD,ARN,1
BUD,ATH,1
BUD,BCN,2
BUD,BEG,2
BUD,BGY,1
BUD,BRS,1
BUD,BRU,1
BUD,BSL,1
BUD,CAI,1
BUD,CDG,2
BUD,CGN,1
BUD,CIA,1
BUD,CPH,2
BUD,CRL,2
BUD,DOH,1
BUD,DUB,2
BUD,DUS,1
BUD,EDI,1
BUD,EIN,1
BUD,FCO,3
BUD,FRA,3
BUD,GVA,1
BUD,GYD,1
BUD,HAM,1
BUD,HEL,2
BUD,IST,1
BUD,LCA,1
BUD,LGW,2
BUD,LHR,3
BUD,LIS,1
BUD,LTN,2
BUD,MAD,2
BUD,MAN,2
BUD,MLA,2
BUD,MSQ,1
BUD,MUC,1
BUD,MXP,1
BUD,NAP,1
BUD,ORY,1
BUD,OSL,1
BUD,OTP,1
BUD,PRG,2
BUD,RIX,1
BUD,SAW,1
BUD,SKG,1
BUD,STN,1
BUD,STR,1
BUD,SVO,1
BUD,SXF,1
BUD,TLV,2
BUD,TXL,1
BUD,VIE,1
BUD,VKO,1
BUD,WAW,2
BUD,ZRH,1
CAI,ADD,2
CAI,ALG,2
CAI,AMM,3
CAI,AMS,2
CAI,ATH,2
CAI,AUH,2
CAI,BAH,2
CAI,BCN,1
CAI,BEY,2
CAI,BKK,3
CAI,BOM,2
CAI,BRU,2
CAI,BUD,1
CAI,CAN,2
CAI,CDG,3
CAI,CGK,1
CAI,CMN,2
CAI,CPH,2
CAI,DME,1
CAI,DMM,2
CAI,DOH,2
CAI,DXB,3
CAI,FCO,2
CAI,FRA,2
CAI,GVA,2
CAI,IST,2
CAI,JED,3
CAI,JFK,2
CAI,JNB,2
CAI,KWI,3
CAI,LCA,2
CAI,LHR,2
CAI,MAD,1
CAI,MAN,1
CAI,MCT,2
CAI,MED,2
CAI,MUC,2
CAI,MXP,2
CAI,NBO,1
CAI,PEK,2
CAI,RUH,3
CAI,SHJ,2
CAI,SVO,1
CAI,SXF,1
CAI,TLV,1
CAI,TUN,2
CAI,VIE,2
CAI,YYZ,1
CAI,ZRH,2
CAN,ADD,3
CAN,AKL,1
CAN,AMS,2
CAN,BKK,6
CAN,BNE,1
CAN,CAI,2
CAN,CDG,2
CAN,CGK,2
CAN,CTU,6
CAN,DAC,1
CAN,DAD,2
CAN,DEL,1
CAN,DMK,2
CAN,DOH,1
CAN,DPS,1
CAN,DXB,2
CAN,FUK,1
CAN,HAN,2
CAN,HGH,12
CAN,HKG,3
CAN,HKT,1
CAN,ICN,3
CAN,IKA,1
CAN,IST,2
CAN,JED,1
CAN,KHH,1
CAN,KIX,2
CAN,KMG,5
CAN,KTM,1
CAN,KUL,3
CAN,LAX,2
CAN,LHR,1
CAN,MEL,1
CAN,MLE,1
CAN,MNL,3
CAN,NBO,2
CAN,NRT,6
CAN,PEK,4
CAN,PEN,1
CAN,PER,1
CAN,PNH,1
CAN,PUS,1
CAN,PVG,6
CAN,RGN,2
CAN,RUH,1
CAN,SGN,2
CAN,SIN,4
CAN,SVO,2
CAN,SYD,1
CAN,TAO,5
CAN,TPE,4
CAN,YVR,1
CDG,ADD,1
CDG,AGP,3
CDG,ALG,5
CDG,AMM,2
CDG,AMS,3
CDG,ARN,3
CDG,ATH,4
CDG,ATL,4
CDG,AUH,2
CDG,BAH,1
CDG,BCN,5
CDG,BEG,2
CDG,BEY,2
CDG,BHX,2
CDG,BKK,3
CDG,BLQ,3
CDG,BLR,1
CDG,BOD,2
CDG,BOG,1
CDG,BOM,1
CDG,BOS,3
CDG,BRS,1
CDG,BRU,2
CDG,BSL,3
CDG,BUD,2
CDG,CAI,3
CDG,CAN,2
CDG,CLT,2
CDG,CMB,1
CDG,CMN,6
CDG,CPH,4
CDG,CUN,1
CDG,DEL,2
CDG,DFW,6
CDG,DOH,1
CDG,DTW,3
CDG,DUB,3
CDG,DUS,3
CDG,DXB,3
CDG,EDI,4
CDG,EWR,4
CDG,EZE,2
CDG,FAO,1
CDG,FCO,3
CDG,FRA,2
CDG,GIG,1
CDG,GLA,1
CDG,GOT,3
CDG,GRU,2
CDG,GVA,2
CDG,GYD,2
CDG,HAJ,2
CDG,HAM,3
CDG,HAN,3
CDG,HAV,1
CDG,HEL,3
CDG,HER,1
CDG,HKG,3
CDG,HND,3
CDG,IAD,5
CDG,IAH,3
CDG,ICN,3
CDG,IST,3
CDG,JED,2
CDG,JFK,11
CDG,JNB,2
CDG,KBP,2
CDG,KEF,3
CDG,KIX,1
CDG,KRK,1
CDG,KUL,3
CDG,LAX,4
CDG,LCA,2
CDG,LED,2
CDG,LGW,1
CDG,LHR,3
CDG,LIM,2
CDG,LIS,3
CDG,LPA,1
CDG,LTN,1
CDG,LUX,2
CDG,LYS,5
CDG,MAD,3
CDG,MAN,4
CDG,MCT,1
CDG,MEX,3
CDG,MIA,9
CDG,MLA,2
CDG,MRS,3
CDG,MSP,2
CDG,MSQ,1
CDG,MUC,2
CDG,MXP,2
CDG,NAP,3
CDG,NBO,2
CDG,NCE,2
CDG,NRT,3
CDG,NTE,2
CDG,OPO,1
CDG,ORD,10
CDG,OSL,3
CDG,OTP,2
CDG,PEK,4
CDG,PHL,4
CDG,PRG,5
CDG,PUJ,4
CDG,PVG,3
CDG,RAK,1
CDG,RIX,2
CDG,RUH,2
CDG,SAW,1
CDG,SCL,2
CDG,SEA,3
CDG,SFO,4
CDG,SGN,3
CDG,SIN,2
CDG,SKG,1
CDG,SOF,2
CDG,STR,2
CDG,SVO,2
CDG,TFS,1
CDG,TLS,8
CDG,TLV,3
CDG,TPE,1
CDG,TUN,3
CDG,TXL,3
CDG,VCE,3
CDG,VIE,4
CDG,VLC,2
CDG,VNO,1
CDG,WAW,2
CDG,YUL,6
CDG,YYZ,6
CDG,ZRH,2
CEB,HKG,3
CEB,ICN,7
CEB,KUL,1
CEB,MNL,5
CEB,NRT,1
CEB,PUS,4
CEB,SIN,4
CGK,AUH,3
CGK,BKK,3
CGK,CAI,1
CGK,CAN,2
CGK,CMB,2
CGK,DMK,1
CGK,DOH,1
CGK,DPS,7
CGK,DXB,2
CGK,HKG,4
CGK,HKT,1
CGK,HND,2
CGK,ICN,3
CGK,JED,4
CGK,KIX,2
CGK,KUL,10
CGK,MED,1
CGK,MEL,1
CGK,MNL,3
CGK,NRT,3
CGK,PEK,1
CGK,PEN,1
CGK,PER,2
CGK,PVG,2
CGK,RUH,1
CGK,SGN,1
CGK,SIN,10
CGK,SYD,3
CGK,TPE,3
CGN,AGP,3
CGN,ALC,1
CGN,ALG,1
CGN,AMS,2
CGN,ARN,1
CGN,ATH,1
CGN,AYT,5
CGN,BCN,1
CGN,BHX,1
CGN,BLQ,1
CGN,BUD,1
CGN,DME,1
CGN,DUB,1
CGN,EDI,1
CGN,FAO,2
CGN,FCO,1
CGN,GDN,1
CGN,HAM,1
CGN,HER,2
CGN,IBZ,2
CGN,IKA,1
CGN,IST,1
CGN,LGW,1
CGN,LHR,1
CGN,LIS,1
CGN,LPA,4
CGN,MAN,1
CGN,MUC,3
CGN,MXP,1
CGN,NAP,1
CGN,NCE,1
CGN,OSL,1
CGN,PMI,5
CGN,PRG,1
CGN,RAK,1
CGN,SAW,3
CGN,SKG,1
CGN,STN,1
CGN,TFS,4
CGN,TLV,1
CGN,TUN,1
CGN,TXL,5
CGN,VCE,1
CGN,VIE,3
CGN,WAW,1
CGN,ZRH,2
CIA,AGP,1
CIA,BCN,1
CIA,BOD,1
CIA,BUD,1
CIA,CRL,1
CIA,DUB,1
CIA,EDI,1
CIA,EIN,1
CIA,IBZ,1
CIA,KRK,1
CIA,MAD,1
CIA,MAN,1
CIA,MRS,1
CIA,OPO,1
CIA,OTP,1
CIA,PMI,1
CIA,RAK,1
CIA,SKG,1
CIA,STN,1
CIA,VLC,1
CIA,VNO,1
CLT,ATL,8
CLT,AUA,2
CLT,BOS,3
CLT,CDG,2
CLT,CUN,2
CLT,DFW,2
CLT,DTW,3
CLT,DUB,2
CLT,EWR,3
CLT,FCO,2
CLT,FLL,2
CLT,FRA,2
CLT,GIG,1
CLT,GRU,2
CLT,IAD,3
CLT,IAH,3
CLT,JFK,4
CLT,LAX,2
CLT,LHR,2
CLT,MBJ,2
CLT,MCO,4
CLT,MEX,2
CLT,MIA,2
CLT,MSP,3
CLT,MUC,1
CLT,ORD,3
CLT,PHL,2
CLT,PUJ,2
CLT,SEA,2
CLT,SFO,2
CLT,SJD,2
CLT,SJO,3
CLT,YUL,2
CLT,YYZ,3
CMB,AUH,5
CMB,BAH,2
CMB,BKK,4
CMB,BLR,2
CMB,BOM,4
CMB,CDG,1
CMB,CGK,2
CMB,COK,2
CMB,DAC,2
CMB,DEL,3
CMB,DME,1
CMB,DMM,3
CMB,DOH,2
CMB,DXB,3
CMB,FCO,3
CMB,FRA,1
CMB,ICN,1
CMB,JED,3
CMB,KHI,2
CMB,KMG,1
CMB,KUL,4
CMB,KWI,3
CMB,LHR,1
CMB,MAA,4
CMB,MCT,3
CMB,MLE,10
CMB,NRT,1
CMB,PEK,1
CMB,PVG,1
CMB,RUH,3
CMB,SHJ,3
CMB,SIN,5
CMN,AGP,2
CMN,ALG,2
CMN,AMS,2
CMN,ARN,1
CMN,AUH,3
CMN,BCN,4
CMN,BEY,1
CMN,BGY,1
CMN,BLQ,2
CMN,BOD,1
CMN,BRU,3
CMN,CAI,2
CMN,CDG,6
CMN,DOH,1
CMN,DXB,1
CMN,FCO,2
CMN,FRA,2
CMN,GRU,1
CMN,GVA,1
CMN,IST,2
CMN,JED,3
CMN,JFK,1
CMN,LGW,2
CMN,LHR,1
CMN,LIS,2
CMN,LPA,2
CMN,LYS,3
CMN,MAD,2
CMN,MRS,1
CMN,MUC,1
CMN,MXP,2
CMN,NCE,1
CMN,NTE,1
CMN,ORY,1
CMN,RAK,1
CMN,RUH,1
CMN,SAW,1
CMN,SVO,2
CMN,TLS,3
CMN,TUN,2
CMN,TXL,1
CMN,VLC,2
CMN,YUL,1
CMN,ZRH,1
COK,AUH,4
COK,BAH,1
COK,BLR,5
COK,BOM,7
COK,CMB,2
COK,DEL,2
COK,DMM,2
COK,DOH,2
COK,DXB,4
COK,KUL,3
COK,KWI,1
COK,MAA,5
COK,MCT,3
COK,MLE,1
COK,RUH,1
COK,SHJ,4
COK,SIN,3
CPH,AGP,4
CPH,ALC,3
CPH,AMS,6
CPH,ARN,3
CPH,ATH,2
CPH,AYT,1
CPH,BCN,4
CPH,BEG,1
CPH,BHX,1
CPH,BKK,2
CPH,BLQ,1
CPH,BRS,1
CPH,BRU,4
CPH,BSL,1
CPH,BUD,2
CPH,CAI,2
CPH,CDG,4
CPH,CMN,1
CPH,DOH,1
CPH,DUB,3
CPH,DUS,4
CPH,DXB,2
CPH,EDI,2
CPH,EIN,1
CPH,EWR,1
CPH,FAO,1
CPH,FCO,4
CPH,FLL,1
CPH,FRA,4
CPH,GDN,1
CPH,GOT,1
CPH,GVA,4
CPH,HAJ,1
CPH,HAM,2
CPH,HEL,3
CPH,IAD,1
CPH,IST,2
CPH,JFK,1
CPH,KEF,3
CPH,KRK,1
CPH,LAX,1
CPH,LED,1
CPH,LGW,2
CPH,LHR,3
CPH,LIS,3
CPH,LPA,1
CPH,LUX,2
CPH,MAD,3
CPH,MAN,3
CPH,MLA,1
CPH,MUC,2
CPH,MXP,2
CPH,NCE,2
CPH,NRT,1
CPH,ORD,1
CPH,ORY,1
CPH,OSL,6
CPH,OTP,1
CPH,PEK,2
CPH,PMI,3
CPH,PRG,4
CPH,PVG,1
CPH,RAK,1
CPH,RIX,3
CPH,SAW,1
CPH,SFO,1
CPH,SIN,2
CPH,SKG,2
CPH,STN,1
CPH,STR,1
CPH,SVO,2
CPH,SXF,2
CPH,TLV,2
CPH,TXL,5
CPH,VCE,4
CPH,VIE,5
CPH,VNO,2
CPH,WAW,3
CPH,YYZ,3
CPH,ZRH,2
CRL,AGP,1
CRL,ALC,1
CRL,BCN,1
CRL,BEG,1
CRL,BGY,1
CRL,BLQ,1
CRL,BOD,1
CRL,BUD,2
CRL,CIA,1
CRL,DUB,1
CRL,EDI,1
CRL,FAO,1
CRL,IBZ,1
CRL,KRK,1
CRL,LPA,1
CRL,MAD,1
CRL,MAN,1
CRL,MRS,1
CRL,OPO,1
CRL,OTP,1
CRL,PMI,1
CRL,RAK,1
CRL,SAW,1
CRL,SKG,1
CRL,SOF,1
CRL,TFS,1
CRL,VLC,1
CRL,VNO,1
CRL,WAW,1
CTU,AMS,2
CTU,AUH,3
CTU,BKK,2
CTU,BOM,1
CTU,CAN,6
CTU,DAD,1
CTU,DOH,1
CTU,FRA,2
CTU,HAN,1
CTU,HGH,9
CTU,HKG,6
CTU,HKT,1
CTU,ICN,3
CTU,KHH,1
CTU,KHI,1
CTU,KMG,9
CTU,KTM,1
CTU,KUL,1
CTU,LHR,1
CTU,MEL,1
CTU,MFM,2
CTU,NRT,2
CTU,PEK,6
CTU,PVG,7
CTU,SIN,3
CTU,SZX,7
CTU,TAO,5
CTU,TPE,3
CUN,AMS,1
CUN,ATL,9
CUN,BOG,2
CUN,BOS,5
CUN,CDG,1
CUN,CLT,2
CUN,DFW,4
CUN,DTW,3
CUN,DUS,1
CUN,EWR,1
CUN,EZE,1
CUN,FCO,2
CUN,FLL,2
CUN,FRA,1
CUN,GDL,2
CUN,HAV,2
CUN,IAD,1
CUN,IAH,2
CUN,JFK,5
CUN,LAX,4
CUN,LGW,6
CUN,LIM,1
CUN,MAD,4
CUN,MAN,4
CUN,MCO,3
CUN,MEX,6
CUN,MIA,3
CUN,MSP,3
CUN,MXP,1
CUN,ORD,3
CUN,PHL,3
CUN,SAL,1
CUN,SCL,1
CUN,SFO,2
CUN,VKO,1
CUN,YUL,3
CUN,YVR,2
CUN,YYC,3
CUN,YYZ,3
DAC,AUH,1
DAC,BKK,6
DAC,BOM,1
DAC,CAN,1
DAC,CMB,2
DAC,DEL,3
DAC,DMM,2
DAC,DOH,2
DAC,DXB,3
DAC,FCO,1
DAC,HKG,3
DAC,IST,1
DAC,JED,3
DAC,KHI,1
DAC,KMG,1
DAC,KTM,4
DAC,KUL,5
DAC,KWI,2
DAC,LHR,1
DAC,MAA,1
DAC,MCT,2
DAC,RGN,1
DAC,RUH,1
DAC,SHJ,1
DAC,SIN,4
DAD,CAN,2
DAD,CTU,1
DAD,HAN,3
DAD,HGH,1
DAD,HKG,2
DAD,ICN,3
DAD,KMG,1
DAD,MFM,1
DAD,PVG,1
DAD,SGN,3
DAD,SIN,3
DEL,ADD,2
DEL,AMM,1
DEL,AMS,1
DEL,AUH,3
DEL,BAH,2
DEL,BHX,1
DEL,BKK,4
DEL,BLR,6
DEL,BOM,6
DEL,BRU,3
DEL,CAN,1
DEL,CDG,2
DEL,CMB,3
DEL,COK,2
DEL,DAC,3
DEL,DMM,3
DEL,DOH,2
DEL,DXB,5
DEL,EWR,1
DEL,FCO,2
DEL,FRA,2
DEL,HEL,1
DEL,HKG,5
DEL,ICN,2
DEL,IKA,1
DEL,IST,2
DEL,JED,2
DEL,JFK,1
DEL,KHI,1
DEL,KTM,5
DEL,KUL,3
DEL,KWI,1
DEL,LHR,5
DEL,MAA,5
DEL,MCT,2
DEL,MEL,1
DEL,MUC,2
DEL,NBO,1
DEL,NRT,3
DEL,ORD,1
DEL,PEK,1
DEL,PVG,2
DEL,RUH,2
DEL,SHJ,1
DEL,SIN,4
DEL,SVO,1
DEL,SYD,1
DEL,TPE,2
DEL,VIE,2
DEL,ZRH,2
DFW,AMS,2
DFW,ATL,10
DFW,BNE,2
DFW,BOG,3
DFW,BOS,4
DFW,CDG,5
DFW,CLT,2
DFW,CUN,4
DFW,DTW,4
DFW,DXB,2
DFW,EWR,3
DFW,EZE,2
DFW,FLL,3
DFW,FRA,9
DFW,GDL,2
DFW,GIG,3
DFW,GRU,3
DFW,HNL,2
DFW,IAD,3
DFW,IAH,3
DFW,ICN,4
DFW,JFK,3
DFW,LAX,6
DFW,LHR,6
DFW,LIM,3
DFW,MAD,5
DFW,MBJ,2
DFW,MCO,3
DFW,MEX,5
DFW,MIA,2
DFW,MSP,5
DFW,NRT,4
DFW,ORD,4
DFW,PHL,3
DFW,SAL,4
DFW,SCL,3
DFW,SEA,3
DFW,SFO,5
DFW,SJD,3
DFW,SJO,2
DFW,YUL,3
DFW,YVR,3
DFW,YYC,4
DFW,YYZ,5
DME,AGP,2
DME,ALC,4
DME,AMM,2
DME,ATH,2
DME,AUH,2
DME,BCN,3
DME,BKK,3
DME,BRU,1
DME,CAI,1
DME,CGN,1
DME,CMB,1
DME,DOH,1
DME,DUS,2
DME,DXB,1
DME,FCO,2
DME,FRA,3
DME,GVA,1
DME,GYD,2
DME,HAN,1
DME,HEL,2
DME,HER,3
DME,HKG,3
DME,HKT,1
DME,IAH,2
DME,KBP,2
DME,LCA,1
DME,LED,5
DME,LGW,2
DME,LHR,1
DME,LIS,2
DME,MAD,2
DME,MAN,1
DME,MLA,1
DME,MSQ,3
DME,MUC,3
DME,MXP,1
DME,NCE,1
DME,NRT,2
DME,PMI,2
DME,PUJ,1
DME,RIX,2
DME,SAW,1
DME,SGN,2
DME,SHJ,1
DME,SIN,2
DME,SIP,3
DME,SKG,3
DME,TFS,1
DME,TLV,2
DME,TUN,1
DME,TXL,2
DME,VIE,5
DME,VLC,1
DME,VNO,1
DME,ZRH,1
DMK,CAN,2
DMK,CGK,1
DMK,DPS,1
DMK,HAN,1
DMK,HGH,1
DMK,HKG,1
DMK,HKT,4
DMK,KMG,1
DMK,KUL,3
DMK,MAA,1
DMK,MFM,1
DMK,PEN,1
DMK,PNH,1
DMK,RGN,2
DMK,SGN,1
DMK,SIN,1
DMK,SZX,1
DMM,ADD,1
DMM,AMM,1
DMM,AMS,3
DMM,AUH,3
DMM,BAH,2
DMM,BEY,1
DMM,BLR,1
DMM,BOM,2
DMM,CAI,2
DMM,CMB,3
DMM,COK,2
DMM,DAC,1
DMM,DEL,3
DMM,DOH,1
DMM,DXB,4
DMM,FRA,1
DMM,IST,2
DMM,JED,2
DMM,KHI,2
DMM,KWI,6
DMM,MAA,1
DMM,MCT,1
DMM,MED,2
DMM,MNL,2
DMM,RUH,3
DMM,SHJ,1
DOH,ADD,1
DOH,ALG,1
DOH,AMM,2
DOH,AMS,3
DOH,ARN,1
DOH,ATH,2
DOH,AUH,2
DOH,BAH,12
DOH,BCN,3
DOH,BEY,2
DOH,BKK,1
DOH,BLR,1
DOH,BOM,3
DOH,BRU,1
DOH,BUD,1
DOH,CAI,2
DOH,CAN,1
DOH,CDG,1
DOH,CGK,1
DOH,CMB,2
DOH,CMN,1
DOH,COK,2
DOH,CPH,1
DOH,CTU,1
DOH,DAC,1
DOH,DEL,2
DOH,DME,1
DOH,DMM,1
DOH,DXB,5
DOH,FCO,1
DOH,FRA,6
DOH,GRU,1
DOH,GVA,2
DOH,GYD,2
DOH,HGH,1
DOH,HKG,2
DOH,IAD,2
DOH,IAH,3
DOH,ICN,2
DOH,IKA,1
DOH,IST,2
DOH,JED,2
DOH,JFK,2
DOH,JNB,1
DOH,KHI,1
DOH,KIX,3
DOH,KTM,2
DOH,KUL,2
DOH,KWI,2
DOH,LCA,1
DOH,LHR,2
DOH,MAA,1
DOH,MAD,3
DOH,MAN,2
DOH,MCT,5
DOH,MED,1
DOH,MEL,1
DOH,MLE,1
DOH,MNL,2
DOH,MUC,2
DOH,MXP,1
DOH,NBO,1
DOH,NRT,3
DOH,ORD,2
DOH,OSL,1
DOH,OTP,1
DOH,PEK,1
DOH,PER,1
DOH,PHL,2
DOH,PVG,1
DOH,RGN,1
DOH,RUH,3
DOH,SAW,1
DOH,SGN,1
DOH,SHJ,2
DOH,SIN,1
DOH,TUN,1
DOH,TXL,1
DOH,VCE,2
DOH,VIE,1
DOH,WAW,1
DOH,YUL,1
DOH,ZRH,1
DPS,BKK,1
DPS,BNE,3
DPS,CAN,1
DPS,CGK,7
DPS,DMK,1
DPS,HKG,5
DPS,HND,2
DPS,ICN,3
DPS,KIX,2
DPS,KUL,4
DPS,MEL,3
DPS,MNL,2
DPS,NRT,2
DPS,PER,5
DPS,PVG,1
DPS,SIN,10
DPS,SYD,3
DPS,SZX,1
DPS,TPE,3
DTW,AMS,2
DTW,ATL,8
DTW,BOS,2
DTW,CDG,3
DTW,CLT,3
DTW,CUN,3
DTW,DFW,4
DTW,EWR,2
DTW,FLL,2
DTW,FRA,5
DTW,GRU,2
DTW,IAD,2
DTW,IAH,3
DTW,ICN,1
DTW,JFK,1
DTW,LAX,3
DTW,LHR,4
DTW,MBJ,1
DTW,MCO,2
DTW,MEX,2
DTW,MIA,3
DTW,MSP,1
DTW,NGO,1
DTW,NRT,1
DTW,ORD,4
DTW,PEK,3
DTW,PHL,3
DTW,PUJ,1
DTW,PVG,3
DTW,SEA,1
DTW,SFO,1
DTW,YUL,4
DTW,YYZ,4
DUB,AGP,2
DUB,ALC,2
DUB,AMS,1
DUB,ARN,2
DUB,ATH,1
DUB,ATL,3
DUB,AUH,2
DUB,BCN,2
DUB,BGY,1
DUB,BHX,2
DUB,BLQ,2
DUB,BOD,1
DUB,BOS,2
DUB,BRS,2
DUB,BRU,1
DUB,BSL,1
DUB,BUD,2
DUB,CDG,3
DUB,CGN,1
DUB,CIA,1
DUB,CLT,2
DUB,CPH,3
DUB,CRL,1
DUB,DUS,2
DUB,DXB,2
DUB,EDI,2
DUB,EIN,1
DUB,EWR,2
DUB,FAO,2
DUB,FCO,1
DUB,FRA,2
DUB,GDN,1
DUB,GLA,1
DUB,GVA,1
DUB,HAJ,1
DUB,HAM,1
DUB,HEL,1
DUB,IAD,2
DUB,IBZ,2
DUB,IST,1
DUB,JFK,9
DUB,KRK,1
DUB,LCY,2
DUB,LGW,2
DUB,LHR,3
DUB,LIS,2
DUB,LPA,2
DUB,LTN,1
DUB,LUX,1
DUB,LYS,1
DUB,MAD,3
DUB,MAN,2
DUB,MCO,1
DUB,MLA,1
DUB,MRS,1
DUB,MUC,2
DUB,MXP,1
DUB,NAP,1
DUB,NCE,2
DUB,NTE,1
DUB,OPO,1
DUB,ORD,7
DUB,OSL,2
DUB,OTP,2
DUB,PHL,2
DUB,PMI,2
DUB,PRG,2
DUB,RAK,1
DUB,RIX,1
DUB,SFO,1
DUB,STN,1
DUB,STR,1
DUB,SXF,2
DUB,TFS,2
DUB,TLS,1
DUB,VCE,1
DUB,VIE,1
DUB,VLC,1
DUB,VNO,1
DUB,WAW,1
DUB,YYZ,3
DUB,ZRH,2
DUS,AGP,2
DUS,ALC,1
DUS,AMS,2
DUS,ARN,3
DUS,ATH,2
DUS,ATL,3
DUS,AUH,3
DUS,AYT,5
DUS,BCN,4
DUS,BEG,2
DUS,BHX,2
DUS,BSL,1
DUS,BUD,1
DUS,CDG,3
DUS,CPH,4
DUS,CUN,1
DUS,DME,2
DUS,DUB,2
DUS,DXB,2
DUS,EWR,2
DUS,FAO,2
DUS,FCO,3
DUS,FRA,2
DUS,GLA,1
DUS,GOT,1
DUS,GVA,1
DUS,HAM,2
DUS,HEL,2
DUS,HER,6
DUS,IBZ,3
DUS,IKA,1
DUS,IST,1
DUS,JFK,2
DUS,LAX,2
DUS,LCA,1
DUS,LCY,1
DUS,LED,3
DUS,LGW,1
DUS,LHR,3
DUS,LIS,1
DUS,LPA,4
DUS,LUX,2
DUS,LYS,1
DUS,MAD,3
DUS,MAN,2
DUS,MIA,2
DUS,MLA,2
DUS,MUC,2
DUS,MXP,3
DUS,NAP,3
DUS,NCE,2
DUS,NRT,2
DUS,NTE,2
DUS,ORD,8
DUS,OSL,2
DUS,OTP,1
DUS,PEK,2
DUS,PMI,5
DUS,PRG,3
DUS,PUJ,1
DUS,RIX,2
DUS,SAW,3
DUS,SKG,4
DUS,STN,1
DUS,STR,1
DUS,SVO,1
DUS,TFS,3
DUS,TLV,1
DUS,TUN,1
DUS,TXL,3
DUS,VCE,3
DUS,VIE,3
DUS,VKO,1
DUS,VLC,1
DUS,WAW,3
DUS,ZRH,3
DXB,ADD,3
DXB,ALG,2
DXB,AMM,4
DXB,AMS,3
DXB,ARN,2
DXB,ATH,1
DXB,ATL,1
DXB,BAH,4
DXB,BCN,1
DXB,BEG,1
DXB,BEY,2
DXB,BHX,2
DXB,BKK,3
DXB,BLR,1
DXB,BNE,2
DXB,BOM,4
DXB,BOS,2
DXB,CAI,3
DXB,CAN,2
DXB,CDG,3
DXB,CGK,2
DXB,CMB,3
DXB,CMN,1
DXB,COK,4
DXB,CPH,2
DXB,DAC,3
DXB,DEL,5
DXB,DFW,2
DXB,DME,1
DXB,DMM,4
DXB,DOH,4
DXB,DUB,2
DXB,DUS,2
DXB,FCO,1
DXB,FRA,3
DXB,GIG,1
DXB,GLA,2
DXB,GRU,1
DXB,GVA,2
DXB,GYD,2
DXB,HAM,2
DXB,HKG,2
DXB,HKT,1
DXB,HND,2
DXB,IAD,3
DXB,IAH,2
DXB,ICN,2
DXB,IKA,4
DXB,IST,3
DXB,JED,5
DXB,JFK,2
DXB,JNB,2
DXB,KBP,2
DXB,KHI,4
DXB,KIX,2
DXB,KMG,1
DXB,KTM,1
DXB,KUL,3
DXB,KWI,4
DXB,LAX,2
DXB,LCA,1
DXB,LED,1
DXB,LGW,2
DXB,LHR,5
DXB,LIS,2
DXB,LYS,1
DXB,MAA,2
DXB,MAD,1
DXB,MAN,2
DXB,MCT,4
DXB,MED,3
DXB,MEL,2
DXB,MLA,1
DXB,MLE,1
DXB,MNL,3
DXB,MUC,3
DXB,MXP,2
DXB,NBO,4
DXB,NCE,1
DXB,NRT,2
DXB,OTP,2
DXB,PEK,2
DXB,PER,2
DXB,PRG,2
DXB,PVG,1
DXB,RUH,4
DXB,SAW,2
DXB,SEA,2
DXB,SFO,2
DXB,SGN,1
DXB,SIN,5
DXB,SVO,2
DXB,SYD,2
DXB,TPE,1
DXB,TUN,2
DXB,VCE,1
DXB,VIE,2
DXB,WAW,2
DXB,YYZ,1
DXB,ZRH,3
EDI,AGP,2
EDI,ALC,3
EDI,AMS,2
EDI,ARN,2
EDI,ATH,1
EDI,BCN,3
EDI,BHX,1
EDI,BLQ,1
EDI,BOD,1
EDI,BRS,1
EDI,BRU,2
EDI,BSL,1
EDI,BUD,1
EDI,CDG,5
EDI,CGN,1
EDI,CIA,1
EDI,CPH,2
EDI,CRL,1
EDI,DUB,2
EDI,EWR,2
EDI,FAO,2
EDI,FRA,1
EDI,GDN,1
EDI,GVA,1
EDI,HAM,1
EDI,HER,1
EDI,IST,1
EDI,KEF,1
EDI,KRK,2
EDI,LCY,1
EDI,LGW,2
EDI,LHR,5
EDI,LIS,1
EDI,LPA,1
EDI,LTN,1
EDI,LYS,1
EDI,MAD,1
EDI,MAN,1
EDI,MLA,1
EDI,MRS,1
EDI,MUC,1
EDI,MXP,1
EDI,NAP,1
EDI,NCE,1
EDI,OSL,2
EDI,PMI,4
EDI,PRG,2
EDI,STN,1
EDI,SXF,1
EDI,TFS,3
EDI,VCE,1
EIN,AGP,2
EIN,ALC,2
EIN,ATH,1
EIN,AYT,1
EIN,BCN,1
EIN,BEG,1
EIN,BGY,1
EIN,BLQ,1
EIN,BUD,1
EIN,CIA,1
EIN,CPH,1
EIN,DUB,1
EIN,FAO,2
EIN,GDN,1
EIN,IBZ,2
EIN,KRK,1
EIN,LIS,1
EIN,LPA,2
EIN,MAD,1
EIN,MLA,1
EIN,MRS,1
EIN,NAP,1
EIN,NCE,1
EIN,OPO,1
EIN,OTP,1
EIN,PMI,2
EIN,RAK,1
EIN,RIX,1
EIN,SAW,1
EIN,SOF,1
EIN,STN,1
EIN,TXL,1
EIN,VCE,1
EIN,VLC,1
EIN,VNO,1
EIN,WAW,1
EWR,AMS,4
EWR,ARN,2
EWR,ATL,7
EWR,AUA,1
EWR,BCN,2
EWR,BHX,2
EWR,BOG,2
EWR,BOM,2
EWR,BOS,2
EWR,BRU,5
EWR,CDG,4
EWR,CLT,3
EWR,CPH,1
EWR,CUN,1
EWR,DEL,1
EWR,DFW,3
EWR,DTW,2
EWR,DUB,2
EWR,DUS,2
EWR,EDI,2
EWR,FCO,2
EWR,FLL,2
EWR,FRA,2
EWR,GLA,2
EWR,GRU,1
EWR,GVA,2
EWR,HAM,2
EWR,HKG,3
EWR,HNL,1
EWR,IAD,1
EWR,IAH,1
EWR,KEF,1
EWR,LAX,2
EWR,LHR,8
EWR,LIM,1
EWR,LIS,3
EWR,MAD,2
EWR,MAN,2
EWR,MBJ,1
EWR,MCO,2
EWR,MEX,1
EWR,MIA,3
EWR,MSP,2
EWR,MUC,2
EWR,MXP,2
EWR,NRT,2
EWR,OPO,2
EWR,ORD,3
EWR,ORY,3
EWR,OSL,2
EWR,PEK,2
EWR,PHL,2
EWR,PUJ,1
EWR,PVG,2
EWR,SAL,2
EWR,SDQ,1
EWR,SEA,3
EWR,SFO,2
EWR,SJD,1
EWR,SJO,1
EWR,STR,2
EWR,TLV,2
EWR,TXL,2
EWR,YUL,2
EWR,YVR,3
EWR,YYC,1
EWR,YYZ,2
EWR,ZRH,2
EZE,AMS,1
EZE,ATL,1
EZE,BCN,1
EZE,BOG,2
EZE,CDG,2
EZE,CUN,1
EZE,DFW,2
EZE,FCO,2
EZE,FRA,1
EZE,GIG,6
EZE,GRU,7
EZE,IAH,1
EZE,JFK,3
EZE,LHR,1
EZE,LIM,3
EZE,MAD,3
EZE,MEX,1
EZE,MIA,3
EZE,PUJ,1
EZE,SCL,5
FAO,AGP,1
FAO,AMS,1
FAO,ARN,1
FAO,BHX,3
FAO,BRS,2
FAO,BRU,2
FAO,BSL,1
FAO,CDG,1
FAO,CGN,2
FAO,CPH,1
FAO,CRL,1
FAO,DUB,2
FAO,DUS,2
FAO,EDI,2
FAO,EIN,2
FAO,FRA,3
FAO,GLA,3
FAO,GVA,1
FAO,HAJ,1
FAO,HAM,2
FAO,LGW,5
FAO,LHR,1
FAO,LIS,4
FAO,LTN,3
FAO,LUX,1
FAO,MAN,4
FAO,MUC,4
FAO,OPO,1
FAO,ORY,2
FAO,OSL,1
FAO,PMI,1
FAO,STN,2
FAO,STR,2
FAO,TXL,1
FCO,ADD,1
FCO,AGP,3
FCO,ALC,2
FCO,ALG,2
FCO,AMM,3
FCO,AMS,4
FCO,ARN,2
FCO,ATH,5
FCO,ATL,5
FCO,AUH,2
FCO,BCN,4
FCO,BEG,3
FCO,BEY,2
FCO,BHX,1
FCO,BKK,1
FCO,BLQ,1
FCO,BOD,3
FCO,BOS,2
FCO,BRS,1
FCO,BRU,6
FCO,BSL,2
FCO,BUD,3
FCO,CAI,2
FCO,CDG,3
FCO,CGN,1
FCO,CLT,2
FCO,CMB,3
FCO,CMN,2
FCO,CPH,4
FCO,DAC,1
FCO,DEL,2
FCO,DME,2
FCO,DOH,1
FCO,DUB,1
FCO,DUS,3
FCO,DXB,1
FCO,EWR,2
FCO,EZE,2
FCO,FRA,3
FCO,GDN,1
FCO,GIG,1
FCO,GLA,1
FCO,GOT,1
FCO,GRU,1
FCO,GVA,4
FCO,GYD,2
FCO,HAJ,1
FCO,HAM,2
FCO,HAV,2
FCO,HEL,2
FCO,HKG,1
FCO,IAD,1
FCO,ICN,2
FCO,IKA,2
FCO,IST,2
FCO,JED,2
FCO,JFK,7
FCO,KBP,2
FCO,KIX,1
FCO,KWI,2
FCO,LAX,2
FCO,LCY,2
FCO,LED,3
FCO,LGW,3
FCO,LHR,3
FCO,LIS,3
FCO,LTN,1
FCO,LUX,2
FCO,LYS,4
FCO,MAD,3
FCO,MAN,1
FCO,MIA,2
FCO,MLA,4
FCO,MRS,2
FCO,MSQ,1
FCO,MUC,2
FCO,MXP,5
FCO,NAP,1
FCO,NCE,3
FCO,NRT,1
FCO,NTE,4
FCO,OPO,2
FCO,ORD,7
FCO,ORY,3
FCO,OSL,2
FCO,OTP,3
FCO,PEK,1
FCO,PHL,2
FCO,PRG,7
FCO,PVG,2
FCO,RIX,2
FCO,RUH,2
FCO,SAW,1
FCO,SIN,1
FCO,SKG,2
FCO,SOF,3
FCO,STR,1
FCO,SVO,2
FCO,SXF,1
FCO,TLS,3
FCO,TLV,4
FCO,TUN,2
FCO,TXL,3
FCO,VCE,2
FCO,VIE,5
FCO,VKO,1
FCO,VLC,3
FCO,VNO,1
FCO,WAW,2
FCO,YUL,1
FCO,YYZ,5
FCO,ZRH,3
FLL,ARN,1
FLL,ATL,8
FLL,AUA,1
FLL,BOG,4
FLL,BOS,2
FLL,CLT,2
FLL,CPH,1
FLL,CUN,2
FLL,DFW,3
FLL,DTW,2
FLL,EWR,2
FLL,IAD,1
FLL,IAH,1
FLL,JFK,2
FLL,LAX,3
FLL,LIM,2
FLL,MBJ,3
FLL,MCO,3
FLL,MSP,1
FLL,ORD,4
FLL,OSL,1
FLL,PHL,3
FLL,PUJ,2
FLL,SAL,1
FLL,SDQ,2
FLL,SEA,1
FLL,SFO,4
FLL,SJO,2
FLL,YUL,3
FLL,YYZ,4
FRA,ADD,2
FRA,AGP,1
FRA,ALC,1
FRA,ALG,2
FRA,AMM,3
FRA,AMS,4
FRA,ARN,3
FRA,ATH,2
FRA,ATL,6
FRA,AUH,5
FRA,AYT,4
FRA,BAH,1
FRA,BCN,4
FRA,BEG,5
FRA,BEY,2
FRA,BHX,1
FRA,BKK,2
FRA,BLQ,1
FRA,BLR,2
FRA,BOG,2
FRA,BOM,2
FRA,BOS,2
FRA,BRS,1
FRA,BRU,3
FRA,BSL,3
FRA,BUD,2
FRA,CAI,2
FRA,CDG,2
FRA,CLT,2
FRA,CMB,1
FRA,CMN,2
FRA,CPH,4
FRA,CTU,2
FRA,CUN,1
FRA,DEL,2
FRA,DFW,9
FRA,DME,3
FRA,DMM,1
FRA,DOH,6
FRA,DTW,5
FRA,DUB,2
FRA,DUS,2
FRA,DXB,3
FRA,EDI,1
FRA,EWR,2
FRA,EZE,1
FRA,FAO,3
FRA,FCO,3
FRA,GDN,2
FRA,GIG,2
FRA,GOT,3
FRA,GRU,2
FRA,GVA,4
FRA,GYD,3
FRA,HAJ,1
FRA,HAM,1
FRA,HAN,2
FRA,HAV,1
FRA,HEL,5
FRA,HER,4
FRA,HKG,2
FRA,HND,2
FRA,IAD,2
FRA,IAH,2
FRA,IBZ,3
FRA,ICN,3
FRA,IKA,2
FRA,IST,3
FRA,JED,6
FRA,JFK,8
FRA,JNB,3
FRA,KBP,2
FRA,KEF,1
FRA,KIX,2
FRA,KRK,2
FRA,KUL,3
FRA,KWI,2
FRA,LAX,2
FRA,LCA,3
FRA,LCY,3
FRA,LED,2
FRA,LHR,4
FRA,LIS,5
FRA,LPA,2
FRA,LUX,1
FRA,LYS,3
FRA,MAA,2
FRA,MAD,8
FRA,MAN,1
FRA,MBJ,1
FRA,MCO,2
FRA,MCT,1
FRA,MEX,1
FRA,MIA,2
FRA,MLA,2
FRA,MLE,1
FRA,MRS,2
FRA,MSQ,2
FRA,MUC,2
FRA,MXP,2
FRA,NAP,2
FRA,NBO,1
FRA,NCE,1
FRA,NGO,2
FRA,NRT,1
FRA,OPO,2
FRA,ORD,2
FRA,OSL,3
FRA,OTP,3
FRA,PEK,2
FRA,PHL,3
FRA,PMI,4
FRA,PRG,4
FRA,PUJ,1
FRA,PVG,3
FRA,RIX,3
FRA,RUH,2
FRA,SAW,2
FRA,SDQ,1
FRA,SEA,3
FRA,SFO,3
FRA,SGN,2
FRA,SIN,3
FRA,SKG,3
FRA,SOF,2
FRA,STR,1
FRA,SVO,1
FRA,TFS,2
FRA,TLS,2
FRA,TLV,2
FRA,TPE,1
FRA,TUN,2
FRA,TXL,4
FRA,VCE,1
FRA,VIE,5
FRA,VKO,2
FRA,VLC,2
FRA,VNO,2
FRA,WAW,3
FRA,YUL,2
FRA,YVR,3
FRA,YYC,3
FRA,YYZ,2
FRA,ZRH,3
FUK,AMS,1
FUK,BKK,2
FUK,CAN,1
FUK,HAN,2
FUK,HKG,3
FUK,HND,4
FUK,HNL,2
FUK,ICN,7
FUK,KIX,3
FUK,MFM,1
FUK,MNL,1
FUK,NGO,3
FUK,NRT,4
FUK,PUS,3
FUK,PVG,3
FUK,SGN,2
FUK,SIN,2
FUK,TAO,2
FUK,TPE,5
GDL,ATL,6
GDL,CUN,2
GDL,DFW,2
GDL,IAH,1
GDL,LAX,7
GDL,MEX,4
GDL,ORD,2
GDL,SFO,3
GDL,SJD,3
GDN,AMS,1
GDN,BCN,1
GDN,BGY,1
GDN,BHX,1
GDN,BRS,1
GDN,BRU,1
GDN,CGN,1
GDN,CPH,2
GDN,DUB,1
GDN,EDI,1
GDN,EIN,1
GDN,FCO,1
GDN,FRA,2
GDN,GLA,1
GDN,HEL,1
GDN,KRK,1
GDN,LTN,1
GDN,MAN,1
GDN,MUC,2
GDN,OSL,2
GDN,STN,1
GDN,TXL,1
GDN,WAW,1
GDN,ZRH,1
GIG,AMS,1
GIG,ATL,2
GIG,BOG,1
GIG,CDG,1
GIG,CLT,2
GIG,DFW,3
GIG,DXB,1
GIG,EZE,6
GIG,FCO,1
GIG,FRA,2
GIG,GRU,5
GIG,IAH,1
GIG,JFK,3
GIG,LHR,1
GIG,LIM,2
GIG,LIS,1
GIG,MAD,1
GIG,MIA,3
GIG,OPO,1
GIG,SCL,2
GIG,SDQ,2
GLA,AGP,3
GLA,ALC,3
GLA,AMS,3
GLA,AYT,1
GLA,BCN,1
GLA,BHX,1
GLA,BRS,1
GLA,CDG,1
GLA,CUN,2
GLA,DUB,1
GLA,DUS,1
GLA,DXB,2
GLA,EWR,2
GLA,FAO,3
GLA,FCO,1
GLA,GDN,1
GLA,HER,1
GLA,IBZ,2
GLA,KEF,1
GLA,LCA,1
GLA,LCY,1
GLA,LGW,2
GLA,LHR,3
GLA,LPA,3
GLA,LTN,1
GLA,MAN,1
GLA,MCO,3
GLA,MLA,1
GLA,PHL,2
GLA,PMI,4
GLA,STN,1
GLA,SXF,1
GLA,TFS,4
GLA,WAW,1
GLA,YYC,1
GLA,YYZ,1
GOT,AGP,2
GOT,ALC,1
GOT,AMS,1
GOT,ARN,4
GOT,BCN,3
GOT,BHX,1
GOT,BRU,2
GOT,CDG,2
GOT,CPH,1
GOT,DUS,1
GOT,FCO,1
GOT,FRA,3
GOT,HEL,1
GOT,IKA,1
GOT,IST,2
GOT,LGW,1
GOT,LHR,4
GOT,LYS,2
GOT,MAN,1
GOT,MUC,2
GOT,NCE,1
GOT,OSL,2
GOT,PMI,1
GOT,RIX,1
GOT,TXL,3
GRU,AMS,1
GRU,ATL,1
GRU,AUH,1
GRU,BCN,1
GRU,BOG,3
GRU,CDG,2
GRU,CLT,2
GRU,CMN,1
GRU,DFW,3
GRU,DOH,1
GRU,DTW,2
GRU,DXB,1
GRU,EWR,1
GRU,EZE,7
GRU,FCO,1
GRU,FRA,2
GRU,GIG,4
GRU,IAD,1
GRU,IAH,1
GRU,IST,1
GRU,JFK,5
GRU,JNB,2
GRU,LAX,3
GRU,LHR,2
GRU,LIM,4
GRU,LIS,1
GRU,MAD,5
GRU,MCO,2
GRU,MEX,2
GRU,MIA,3
GRU,MUC,2
GRU,MXP,1
GRU,OPO,1
GRU,ORD,1
GRU,SCL,3
GRU,SDQ,2
GRU,YYZ,2
GRU,ZRH,1
GVA,AGP,2
GVA,ALC,1
GVA,ALG,1
GVA,AMM,1
GVA,AMS,2
GVA,ARN,4
GVA,ATH,3
GVA,AUH,2
GVA,AYT,1
GVA,BCN,2
GVA,BEG,3
GVA,BEY,1
GVA,BOD,2
GVA,BRS,1
GVA,BRU,4
GVA,BUD,1
GVA,CAI,2
GVA,CDG,2
GVA,CMN,1
GVA,CPH,4
GVA,DME,1
GVA,DOH,2
GVA,DUB,1
GVA,DUS,1
GVA,DXB,2
GVA,EDI,1
GVA,EWR,2
GVA,FAO,1
GVA,FCO,4
GVA,FRA,4
GVA,HAM,1
GVA,HEL,1
GVA,HER,2
GVA,IAD,2
GVA,IBZ,1
GVA,IST,1
GVA,JED,1
GVA,JFK,2
GVA,KBP,1
GVA,LCY,1
GVA,LED,1
GVA,LGW,1
GVA,LHR,3
GVA,LIS,5
GVA,LPA,1
GVA,LTN,1
GVA,LUX,1
GVA,MAD,4
GVA,MAN,1
GVA,MLA,1
GVA,MRS,1
GVA,MSQ,1
GVA,MUC,2
GVA,NAP,1
GVA,NCE,2
GVA,NTE,1
GVA,OPO,5
GVA,ORY,1
GVA,OSL,1
GVA,OTP,2
GVA,PEK,1
GVA,PMI,2
GVA,PRG,1
GVA,RAK,2
GVA,RUH,1
GVA,STR,1
GVA,SVO,1
GVA,SXF,1
GVA,TFS,1
GVA,TLS,2
GVA,TLV,3
GVA,TUN,1
GVA,VCE,1
GVA,VIE,2
GVA,VLC,1
GVA,WAW,2
GVA,YUL,4
GVA,ZRH,3
GYD,BUD,1
GYD,CDG,2
GYD,DME,2
GYD,DOH,2
GYD,DXB,2
GYD,FCO,2
GYD,FRA,3
GYD,IKA,2
GYD,IST,2
GYD,KBP,3
GYD,LED,3
GYD,LHR,2
GYD,MSQ,1
GYD,MXP,2
GYD,PEK,1
GYD,PRG,2
GYD,RIX,2
GYD,SAW,2
GYD,SVO,2
GYD,TLV,1
GYD,VIE,2
HAJ,AGP,2
HAJ,AMS,2
HAJ,AYT,3
HAJ,BCN,3
HAJ,BHX,1
HAJ,BRU,3
HAJ,CDG,2
HAJ,CPH,1
HAJ,DUB,1
HAJ,FAO,1
HAJ,FCO,1
HAJ,FRA,1
HAJ,HER,3
HAJ,IBZ,1
HAJ,IST,1
HAJ,LCA,1
HAJ,LHR,3
HAJ,LPA,1
HAJ,MAN,1
HAJ,MSQ,1
HAJ,MUC,1
HAJ,MXP,1
HAJ,NAP,1
HAJ,PMI,4
HAJ,SAW,1
HAJ,SKG,2
HAJ,STN,1
HAJ,STR,2
HAJ,SVO,1
HAJ,TFS,1
HAJ,VCE,1
HAJ,VIE,3
HAJ,ZRH,2
HAM,AGP,4
HAM,ALC,2
HAM,AMS,5
HAM,ARN,2
HAM,ATH,1
HAM,AYT,5
HAM,BCN,4
HAM,BHX,1
HAM,BRS,1
HAM,BRU,2
HAM,BSL,3
HAM,BUD,1
HAM,CDG,3
HAM,CGN,1
HAM,CPH,2
HAM,DUB,1
HAM,DUS,2
HAM,DXB,2
HAM,EDI,1
HAM,EWR,2
HAM,FAO,2
HAM,FCO,2
HAM,FRA,2
HAM,GVA,1
HAM,HEL,2
HAM,HER,4
HAM,IBZ,1
HAM,IKA,1
HAM,IST,1
HAM,LED,1
HAM,LGW,1
HAM,LHR,4
HAM,LIS,2
HAM,LPA,3
HAM,LTN,1
HAM,MAD,1
HAM,MAN,2
HAM,MLA,1
HAM,MUC,2
HAM,MXP,2
HAM,NAP,2
HAM,NCE,2
HAM,OSL,2
HAM,PMI,4
HAM,PRG,3
HAM,RIX,2
HAM,SAW,1
HAM,SKG,2
HAM,STR,2
HAM,SVO,1
HAM,TFS,3
HAM,TLS,2
HAM,VCE,2
HAM,VIE,4
HAM,WAW,2
HAM,ZRH,3
HAN,BKK,4
HAN,CAN,2
HAN,CDG,3
HAN,CTU,1
HAN,DAD,3
HAN,DME,1
HAN,DMK,1
HAN,FRA,2
HAN,FUK,2
HAN,HKG,4
HAN,HND,1
HAN,ICN,3
HAN,KHH,2
HAN,KIX,2
HAN,KUL,3
HAN,MFM,1
HAN,MNL,1
HAN,NGO,2
HAN,NRT,3
HAN,PEK,2
HAN,PNH,2
HAN,PUS,2
HAN,PVG,2
HAN,RGN,1
HAN,SGN,3
HAN,SIN,4
HAN,SVO,1
HAN,TPE,3
HAV,AMS,1
HAV,BOG,3
HAV,CDG,1
HAV,CUN,3
HAV,EZE,1
HAV,FRA,1
HAV,LGW,1
HAV,LIM,2
HAV,MAD,2
HAV,MEX,3
HAV,MXP,1
HAV,ORY,1
HAV,SAL,1
HAV,SDQ,1
HAV,SVO,2
HAV,YYZ,1
HAV,ZRH,1
HEL,AGP,2
HEL,ALC,1
HEL,AMS,3
HEL,ARN,5
HEL,ATH,1
HEL,AYT,1
HEL,BCN,4
HEL,BKK,1
HEL,BRU,1
HEL,BUD,2
HEL,CDG,3
HEL,CPH,3
HEL,DEL,1
HEL,DME,2
HEL,DUB,1
HEL,DUS,2
HEL,FCO,2
HEL,FRA,5
HEL,GDN,1
HEL,GOT,1
HEL,GVA,1
HEL,HAM,2
HEL,HKG,1
HEL,ICN,1
HEL,IST,2
HEL,JFK,4
HEL,KBP,1
HEL,KEF,2
HEL,KIX,2
HEL,KRK,1
HEL,LED,2
HEL,LGW,1
HEL,LHR,4
HEL,LIS,2
HEL,MAD,2
HEL,MAN,3
HEL,MSQ,2
HEL,MUC,4
HEL,MXP,1
HEL,NCE,2
HEL,NGO,2
HEL,NRT,2
HEL,ORY,1
HEL,OSL,3
HEL,PEK,2
HEL,PMI,1
HEL,PRG,3
HEL,PVG,2
HEL,RIX,2
HEL,SIN,1
HEL,SVO,2
HEL,TLV,1
HEL,TXL,3
HEL,VIE,2
HEL,VNO,2
HEL,WAW,2
HEL,ZRH,2
HER,AMS,1
HER,ATH,4
HER,BHX,3
HER,BOD,1
HER,BRS,1
HER,BRU,3
HER,BSL,2
HER,CDG,1
HER,CGN,2
HER,DME,3
HER,DUS,6
HER,EDI,1
HER,FRA,4
HER,GLA,1
HER,GVA,2
HER,HAJ,3
HER,HAM,4
HER,KBP,1
HER,LCA,1
HER,LED,2
HER,LGW,3
HER,LTN,1
HER,LUX,1
HER,LYS,1
HER,MAN,3
HER,MRS,1
HER,MUC,5
HER,MXP,1
HER,NTE,1
HER,ORY,1
HER,PRG,1
HER,RIX,1
HER,SKG,2
HER,STR,3
HER,SVO,1
HER,SXF,2
HER,TLV,1
HER,TXL,3
HER,VIE,4
HER,VKO,1
HER,VNO,1
HER,ZRH,2
HGH,AMS,2
HGH,CAN,10
HGH,CTU,9
HGH,DAD,1
HGH,DMK,1
HGH,DOH,1
HGH,HKG,7
HGH,HKT,1
HGH,ICN,2
HGH,KHH,2
HGH,KIX,2
HGH,KMG,8
HGH,KUL,1
HGH,MFM,4
HGH,NRT,2
HGH,PEK,8
HGH,PUS,2
HGH,SIN,1
HGH,SZX,7
HGH,TAO,9
HGH,TPE,3
HKG,ADD,1
HKG,AKL,3
HKG,AMS,2
HKG,AUH,3
HKG,BKK,12
HKG,BLR,2
HKG,BNE,3
HKG,BOM,3
HKG,CAN,3
HKG,CDG,3
HKG,CEB,3
HKG,CGK,4
HKG,CTU,6
HKG,DAC,3
HKG,DAD,2
HKG,DEL,5
HKG,DME,3
HKG,DMK,1
HKG,DOH,2
HKG,DPS,5
HKG,DXB,2
HKG,EWR,3
HKG,FCO,1
HKG,FRA,2
HKG,FUK,3
HKG,HAN,4
HKG,HEL,1
HKG,HGH,7
HKG,HKT,5
HKG,HND,4
HKG,ICN,10
HKG,IST,1
HKG,JFK,2
HKG,JNB,2
HKG,KHH,3
HKG,KIX,6
HKG,KMG,4
HKG,KTM,1
HKG,KUL,3
HKG,LAX,2
HKG,LHR,3
HKG,MAA,1
HKG,MEL,3
HKG,MLE,2
HKG,MNL,4
HKG,MUC,1
HKG,MXP,1
HKG,NGO,3
HKG,NRT,5
HKG,ORD,3
HKG,PEK,6
HKG,PEN,3
HKG,PER,1
HKG,PNH,1
HKG,PUS,4
HKG,PVG,7
HKG,RGN,1
HKG,RUH,1
HKG,SFO,6
HKG,SGN,4
HKG,SIN,8
HKG,SVO,1
HKG,SYD,3
HKG,TAO,2
HKG,TLV,1
HKG,TPE,6
HKG,YVR,2
HKG,YYZ,2
HKG,ZRH,1
HKT,AUH,2
HKT,BKK,13
HKT,CAN,1
HKT,CGK,1
HKT,CTU,1
HKT,DME,1
HKT,DMK,4
HKT,DXB,1
HKT,HGH,1
HKT,HKG,5
HKT,ICN,4
HKT,KMG,1
HKT,KUL,5
HKT,LED,1
HKT,MEL,1
HKT,MNL,1
HKT,PEK,2
HKT,PEN,2
HKT,PER,1
HKT,PVG,4
HKT,SIN,6
HKT,SYD,1
HKT,SZX,1
HKT,VKO,1
HND,BKK,4
HND,CDG,3
HND,CGK,2
HND,DPS,2
HND,DXB,2
HND,FRA,2
HND,FUK,4
HND,HAN,1
HND,HKG,4
HND,HNL,5
HND,ICN,3
HND,KIX,3
HND,KUL,1
HND,LAX,3
HND,LHR,4
HND,MNL,2
HND,MUC,2
HND,NGO,1
HND,PEK,4
HND,SEA,1
HND,SFO,2
HND,SGN,1
HND,SIN,4
HND,YVR,2
HNL,AKL,4
HNL,ATL,2
HNL,BNE,1
HNL,DFW,2
HNL,EWR,1
HNL,FUK,2
HNL,HND,5
HNL,IAD,1
HNL,IAH,1
HNL,ICN,4
HNL,JFK,1
HNL,KIX,4
HNL,LAX,9
HNL,MEL,2
HNL,MNL,1
HNL,NGO,3
HNL,NRT,7
HNL,ORD,1
HNL,PEK,3
HNL,PVG,1
HNL,SEA,3
HNL,SFO,3
HNL,SYD,5
HNL,TPE,2
HNL,YVR,3
IAD,ADD,1
IAD,AMS,4
IAD,ATL,9
IAD,AUA,1
IAD,AUH,2
IAD,BOG,2
IAD,BOS,2
IAD,BRU,3
IAD,CDG,5
IAD,CLT,3
IAD,CPH,1
IAD,CUN,1
IAD,DFW,3
IAD,DOH,2
IAD,DTW,2
IAD,DUB,2
IAD,DXB,3
IAD,EWR,1
IAD,FCO,1
IAD,FLL,1
IAD,FRA,2
IAD,GRU,1
IAD,GVA,2
IAD,HNL,1
IAD,IAH,1
IAD,ICN,2
IAD,IST,2
IAD,JED,1
IAD,JFK,3
IAD,KEF,1
IAD,KWI,1
IAD,LAX,4
IAD,LHR,8
IAD,MAN,1
IAD,MBJ,1
IAD,MCO,1
IAD,MEX,3
IAD,MIA,3
IAD,MSP,2
IAD,MUC,2
IAD,NRT,2
IAD,ORD,1
IAD,PEK,2
IAD,PHL,1
IAD,PUJ,1
IAD,RUH,1
IAD,SAL,2
IAD,SEA,1
IAD,SFO,2
IAD,SJO,1
IAD,SVO,2
IAD,VIE,2
IAD,YUL,2
IAD,YYZ,2
IAD,ZRH,2
IAH,AMS,4
IAH,ATL,9
IAH,BOG,2
IAH,BOS,1
IAH,CDG,3
IAH,CLT,3
IAH,CUN,2
IAH,DFW,3
IAH,DME,2
IAH,DOH,3
IAH,DTW,3
IAH,DXB,2
IAH,EWR,1
IAH,EZE,1
IAH,FLL,1
IAH,FRA,2
IAH,GDL,1
IAH,GIG,1
IAH,GRU,1
IAH,HNL,1
IAH,IAD,1
IAH,ICN,1
IAH,IST,2
IAH,LAX,5
IAH,LHR,6
IAH,LIM,1
IAH,MBJ,1
IAH,MCO,2
IAH,MEX,4
IAH,MIA,3
IAH,MSP,3
IAH,MUC,1
IAH,NRT,2
IAH,ORD,4
IAH,PEK,2
IAH,PHL,3
IAH,SAL,3
IAH,SEA,3
IAH,SFO,2
IAH,SJD,1
IAH,SJO,1
IAH,YUL,2
IAH,YVR,1
IAH,YYC,2
IAH,YYZ,2
IBZ,AGP,1
IBZ,ALC,2
IBZ,AMS,3
IBZ,BCN,3
IBZ,BGY,1
IBZ,BHX,1
IBZ,BLQ,1
IBZ,BRS,1
IBZ,BRU,3
IBZ,BSL,1
IBZ,CGN,2
IBZ,CIA,1
IBZ,CRL,1
IBZ,DUB,2
IBZ,DUS,3
IBZ,EIN,2
IBZ,FRA,3
IBZ,GLA,1
IBZ,GVA,1
IBZ,HAJ,1
IBZ,HAM,1
IBZ,LCY,2
IBZ,LGW,2
IBZ,LHR,2
IBZ,LTN,2
IBZ,LUX,1
IBZ,MAD,5
IBZ,MAN,4
IBZ,MRS,1
IBZ,MUC,2
IBZ,MXP,1
IBZ,ORY,3
IBZ,PMI,2
IBZ,STN,3
IBZ,STR,2
IBZ,TXL,2
IBZ,VLC,3
IBZ,ZRH,1
ICN,AKL,1
ICN,AMS,2
ICN,ATL,2
ICN,AUH,3
ICN,BKK,10
ICN,BNE,1
ICN,BOM,1
ICN,CAN,3
ICN,CDG,3
ICN,CEB,7
ICN,CGK,3
ICN,CMB,1
ICN,CTU,3
ICN,DAD,3
ICN,DEL,2
ICN,DFW,4
ICN,DOH,2
ICN,DPS,3
ICN,DTW,1
ICN,DXB,2
ICN,FRA,3
ICN,FUK,7
ICN,HAN,3
ICN,HEL,1
ICN,HGH,2
ICN,HKG,10
ICN,HKT,4
ICN,HND,3
ICN,HNL,4
ICN,IAD,2
ICN,IAH,1
ICN,IST,3
ICN,JFK,4
ICN,KHH,3
ICN,KIX,7
ICN,KMG,2
ICN,KTM,1
ICN,KUL,3
ICN,LAX,5
ICN,LED,1
ICN,LHR,3
ICN,MAD,1
ICN,MFM,3
ICN,MNL,6
ICN,MUC,1
ICN,MXP,2
ICN,NBO,2
ICN,NGO,6
ICN,NRT,10
ICN,ORD,3
ICN,PEK,4
ICN,PNH,2
ICN,PRG,2
ICN,PVG,5
ICN,RGN,3
ICN,RUH,1
ICN,SEA,4
ICN,SFO,7
ICN,SGN,3
ICN,SIN,5
ICN,SVO,2
ICN,SYD,4
ICN,SZX,3
ICN,TAO,6
ICN,TLV,1
ICN,TPE,7
ICN,VIE,1
ICN,YVR,3
ICN,YYZ,1
IKA,AMS,1
IKA,ARN,2
IKA,AUH,1
IKA,BAH,1
IKA,BEY,1
IKA,BKK,1
IKA,BOM,1
IKA,CAN,1
IKA,CGN,1
IKA,DEL,1
IKA,DOH,1
IKA,DUS,1
IKA,DXB,4
IKA,FCO,2
IKA,FRA,2
IKA,GOT,1
IKA,GYD,2
IKA,HAM,1
IKA,IST,5
IKA,KHI,1
IKA,KUL,2
IKA,KWI,1
IKA,LHR,1
IKA,MCT,1
IKA,MSQ,1
IKA,MXP,1
IKA,ORY,1
IKA,PEK,1
IKA,PVG,1
IKA,SAW,2
IKA,SHJ,1
IKA,SVO,1
IKA,VIE,2
IST,ADD,1
IST,AGP,1
IST,ALG,2
IST,AMM,2
IST,AMS,2
IST,ARN,2
IST,ATH,3
IST,AUH,2
IST,AYT,3
IST,BAH,2
IST,BCN,1
IST,BEG,1
IST,BEY,2
IST,BHX,1
IST,BKK,2
IST,BLQ,1
IST,BOM,2
IST,BRU,1
IST,BSL,1
IST,BUD,1
IST,CAI,2
IST,CAN,2
IST,CDG,3
IST,CGN,1
IST,CMN,2
IST,CPH,2
IST,DAC,1
IST,DEL,2
IST,DMM,2
IST,DOH,2
IST,DUB,1
IST,DUS,1
IST,DXB,3
IST,EDI,1
IST,FCO,2
IST,FRA,3
IST,GOT,2
IST,GRU,1
IST,GVA,1
IST,GYD,2
IST,HAJ,1
IST,HAM,1
IST,HEL,2
IST,HKG,1
IST,IAD,2
IST,IAH,2
IST,ICN,3
IST,IKA,5
IST,JED,2
IST,JFK,2
IST,JNB,1
IST,KBP,4
IST,KHI,1
IST,KIX,2
IST,KTM,1
IST,KUL,2
IST,KWI,2
IST,LAX,2
IST,LED,2
IST,LGW,1
IST,LHR,3
IST,LIS,2
IST,LTN,1
IST,LUX,1
IST,LYS,1
IST,MAD,1
IST,MAN,1
IST,MCT,2
IST,MED,2
IST,MLA,2
IST,MLE,1
IST,MRS,2
IST,MSQ,2
IST,MUC,4
IST,MXP,1
IST,NAP,1
IST,NBO,2
IST,NCE,1
IST,NRT,2
IST,ORD,2
IST,OSL,2
IST,OTP,2
IST,PEK,2
IST,PRG,1
IST,PVG,2
IST,RIX,1
IST,RUH,2
IST,SIN,3
IST,SKG,1
IST,SOF,1
IST,STR,1
IST,SVO,1
IST,TLS,1
IST,TLV,1
IST,TUN,2
IST,TXL,1
IST,VCE,1
IST,VIE,3
IST,VKO,2
IST,VLC,1
IST,VNO,1
IST,WAW,2
IST,YYZ,2
IST,ZRH,4
JED,ADD,6
JED,ALG,1
JED,AMM,4
JED,AUH,3
JED,BAH,2
JED,BEY,2
JED,BLR,1
JED,BOM,3
JED,CAI,3
JED,CAN,1
JED,CDG,2
JED,CGK,4
JED,CMB,3
JED,CMN,3
JED,DAC,3
JED,DEL,2
JED,DMM,2
JED,DOH,2
JED,DXB,5
JED,FCO,2
JED,FRA,6
JED,GVA,1
JED,IAD,1
JED,IST,3
JED,JFK,1
JED,JNB,1
JED,KHI,3
JED,KUL,4
JED,KWI,5
JED,LAX,1
JED,LGW,1
JED,LHR,2
JED,MAA,1
JED,MAD,2
JED,MAN,2
JED,MCT,2
JED,MED,2
JED,MNL,1
JED,MXP,2
JED,NBO,2
JED,RUH,5
JED,SAW,1
JED,SHJ,1
JED,SIN,1
JED,TUN,2
JED,YYZ,1
JFK,AMM,3
JFK,AMS,2
JFK,ARN,1
JFK,ATL,7
JFK,AUA,2
JFK,AUH,2
JFK,BCN,9
JFK,BOG,4
JFK,BOS,4
JFK,BRU,6
JFK,CAI,2
JFK,CDG,11
JFK,CLT,4
JFK,CMN,1
JFK,CPH,1
JFK,CUN,5
JFK,DEL,1
JFK,DFW,3
JFK,DOH,2
JFK,DTW,1
JFK,DUB,9
JFK,DUS,2
JFK,DXB,2
JFK,EZE,3
JFK,FCO,7
JFK,FLL,2
JFK,FRA,8
JFK,GIG,3
JFK,GRU,5
JFK,GVA,2
JFK,HEL,4
JFK,HKG,2
JFK,HNL,1
JFK,IAD,3
JFK,ICN,4
JFK,IST,2
JFK,JED,1
JFK,JNB,4
JFK,KBP,1
JFK,KEF,1
JFK,KIX,1
JFK,KWI,1
JFK,LAX,8
JFK,LCY,4
JFK,LHR,12
JFK,LIM,3
JFK,MAD,9
JFK,MAN,5
JFK,MBJ,3
JFK,MCO,4
JFK,MEX,4
JFK,MIA,3
JFK,MSP,2
JFK,MUC,2
JFK,MXP,10
JFK,NCE,2
JFK,NRT,5
JFK,ORD,5
JFK,ORY,3
JFK,OSL,1
JFK,PEK,3
JFK,PHL,1
JFK,PUJ,2
JFK,PVG,2
JFK,RIX,1
JFK,RUH,1
JFK,SAL,3
JFK,SCL,2
JFK,SDQ,2
JFK,SEA,5
JFK,SFO,7
JFK,SJO,3
JFK,SVO,2
JFK,TLV,2
JFK,TPE,1
JFK,TXL,2
JFK,VCE,2
JFK,VIE,2
JFK,VKO,1
JFK,WAW,1
JFK,YUL,6
JFK,YVR,1
JFK,YYC,3
JFK,YYZ,7
JFK,ZRH,4
JNB,ADD,2
JNB,AMS,1
JNB,ATL,1
JNB,AUH,4
JNB,BKK,2
JNB,BOM,3
JNB,CAI,2
JNB,CDG,2
JNB,DOH,1
JNB,DXB,2
JNB,FRA,3
JNB,GRU,2
JNB,HKG,2
JNB,IST,1
JNB,JED,1
JNB,JFK,4
JNB,LHR,6
JNB,MUC,3
JNB,NBO,2
JNB,PER,2
JNB,SIN,4
JNB,SYD,2
JNB,TLV,1
JNB,ZRH,2
KBP,AMM,1
KBP,AMS,2
KBP,ATH,1
KBP,AYT,1
KBP,BCN,2
KBP,BKK,1
KBP,BRU,2
KBP,CDG,2
KBP,DME,2
KBP,DXB,2
KBP,FCO,2
KBP,FRA,2
KBP,GVA,1
KBP,GYD,3
KBP,HEL,1
KBP,HER,1
KBP,IST,4
KBP,JFK,1
KBP,LCA,1
KBP,LED,4
KBP,LGW,1
KBP,LHR,1
KBP,LIS,2
KBP,MAD,2
KBP,MSQ,2
KBP,MUC,2
KBP,MXP,1
KBP,NAP,1
KBP,NCE,1
KBP,OSL,1
KBP,PRG,3
KBP,RIX,2
KBP,SAW,2
KBP,SHJ,1
KBP,SIP,1
KBP,SVO,2
KBP,TFS,1
KBP,TLV,2
KBP,TXL,1
KBP,VIE,2
KBP,VNO,1
KBP,WAW,2
KBP,ZRH,2
KEF,ALC,2
KEF,AMS,1
KEF,ARN,1
KEF,BOS,1
KEF,BRS,1
KEF,BRU,1
KEF,BSL,1
KEF,CDG,3
KEF,CPH,3
KEF,EDI,1
KEF,EWR,1
KEF,FRA,1
KEF,GLA,1
KEF,HEL,2
KEF,IAD,1
KEF,JFK,1
KEF,LGW,3
KEF,LHR,1
KEF,LTN,1
KEF,MAN,2
KEF,MUC,1
KEF,OSL,3
KEF,SEA,1
KEF,SXF,2
KEF,YYZ,1
KEF,ZRH,1
KHH,BKK,1
KHH,CAN,1
KHH,CTU,1
KHH,HAN,2
KHH,HGH,2
KHH,HKG,3
KHH,ICN,3
KHH,KIX,2
KHH,KMG,1
KHH,MFM,3
KHH,MNL,1
KHH,NRT,5
KHH,PEK,1
KHH,PUS,1
KHH,PVG,4
KHH,SGN,3
KHH,SIN,2
KHH,SZX,1
KHH,TAO,1
KHI,AUH,3
KHI,BAH,1
KHI,BKK,2
KHI,BOM,1
KHI,CMB,2
KHI,CTU,1
KHI,DAC,1
KHI,DEL,1
KHI,DMM,2
KHI,DOH,1
KHI,DXB,4
KHI,IKA,1
KHI,IST,1
KHI,JED,3
KHI,KTM,1
KHI,KUL,1
KHI,LHR,1
KHI,MCT,3
KHI,MED,1
KHI,RUH,2
KHI,SHJ,2
KHI,YYZ,1
KIX,AMS,1
KIX,BKK,4
KIX,CAN,2
KIX,CDG,1
KIX,CGK,2
KIX,DOH,3
KIX,DPS,2
KIX,DXB,2
KIX,FCO,1
KIX,FRA,2
KIX,FUK,3
KIX,HAN,2
KIX,HEL,2
KIX,HGH,2
KIX,HKG,6
KIX,HND,3
KIX,HNL,4
KIX,ICN,7
KIX,IST,2
KIX,JFK,1
KIX,KHH,2
KIX,KUL,3
KIX,MFM,2
KIX,MNL,3
KIX,NRT,4
KIX,PEK,2
KIX,PUS,5
KIX,PVG,7
KIX,SFO,2
KIX,SGN,2
KIX,SIN,2
KIX,TAO,5
KIX,TPE,8
KMG,BKK,2
KMG,CAN,6
KMG,CMB,1
KMG,CTU,9
KMG,DAC,1
KMG,DAD,1
KMG,DMK,1
KMG,DXB,1
KMG,HGH,8
KMG,HKG,4
KMG,HKT,1
KMG,ICN,2
KMG,KHH,1
KMG,KTM,1
KMG,KUL,2
KMG,MFM,1
KMG,PEK,6
KMG,PVG,7
KMG,RGN,2
KMG,SIN,2
KMG,SZX,6
KMG,TAO,3
KMG,TPE,2
KRK,AGP,1
KRK,ALC,1
KRK,AMS,1
KRK,ARN,1
KRK,BGY,1
KRK,BHX,1
KRK,BLQ,1
KRK,BRS,1
KRK,BSL,1
KRK,CDG,1
KRK,CIA,1
KRK,CPH,1
KRK,CRL,1
KRK,DUB,1
KRK,EDI,2
KRK,EIN,1
KRK,FRA,2
KRK,GDN,1
KRK,HEL,1
KRK,LGW,1
KRK,MAD,1
KRK,MAN,1
KRK,MLA,1
KRK,MUC,2
KRK,OSL,1
KRK,STN,1
KRK,STR,1
KRK,SVO,1
KRK,TXL,1
KRK,VIE,2
KRK,WAW,1
KRK,ZRH,1
KTM,AUH,1
KTM,BKK,2
KTM,BOM,1
KTM,CAN,1
KTM,CTU,1
KTM,DAC,4
KTM,DEL,5
KTM,DOH,2
KTM,DXB,1
KTM,HKG,1
KTM,ICN,1
KTM,IST,1
KTM,KHI,1
KTM,KMG,1
KTM,KUL,3
KTM,MCT,1
KTM,SHJ,1
KTM,SIN,2
KUL,AKL,1
KUL,AMS,3
KUL,AUH,3
KUL,BKK,9
KUL,BLR,3
KUL,BNE,1
KUL,BOM,3
KUL,CAN,3
KUL,CDG,3
KUL,CEB,1
KUL,CGK,10
KUL,CMB,4
KUL,COK,3
KUL,CTU,1
KUL,DAC,5
KUL,DEL,3
KUL,DMK,3
KUL,DOH,2
KUL,DPS,4
KUL,DXB,3
KUL,FRA,3
KUL,HAN,3
KUL,HGH,1
KUL,HKG,3
KUL,HKT,5
KUL,HND,1
KUL,ICN,3
KUL,IKA,2
KUL,IST,2
KUL,JED,4
KUL,KHI,1
KUL,KIX,3
KUL,KMG,2
KUL,KTM,3
KUL,KWI,1
KUL,LHR,2
KUL,MAA,4
KUL,MCT,2
KUL,MED,1
KUL,MEL,4
KUL,MFM,1
KUL,MLE,1
KUL,MNL,3
KUL,NGO,1
KUL,NRT,3
KUL,PEK,2
KUL,PEN,4
KUL,PER,2
KUL,PNH,2
KUL,PUS,1
KUL,PVG,4
KUL,RGN,3
KUL,RUH,1
KUL,SGN,3
KUL,SIN,10
KUL,SYD,2
KUL,SZX,1
KUL,TPE,4
KWI,ADD,3
KWI,AMM,3
KWI,AMS,3
KWI,AUH,4
KWI,BAH,4
KWI,BEY,3
KWI,BKK,1
KWI,BOM,2
KWI,CAI,3
KWI,CMB,3
KWI,COK,1
KWI,DAC,2
KWI,DEL,1
KWI,DMM,6
KWI,DOH,3
KWI,DXB,4
KWI,FCO,2
KWI,FRA,2
KWI,IAD,1
KWI,IKA,1
KWI,IST,2
KWI,JED,5
KWI,JFK,1
KWI,KUL,1
KWI,LHR,3
KWI,MAA,1
KWI,MCT,2
KWI,MED,2
KWI,RUH,4
KWI,SAW,4
KWI,SHJ,1
KWI,TUN,1
LAX,AKL,3
LAX,AMS,2
LAX,ARN,1
LAX,ATL,9
LAX,BNE,4
LAX,BOS,7
LAX,CAN,2
LAX,CDG,4
LAX,CLT,2
LAX,CPH,1
LAX,CUN,4
LAX,DFW,6
LAX,DTW,2
LAX,DUS,2
LAX,DXB,2
LAX,EWR,2
LAX,FCO,2
LAX,FLL,3
LAX,FRA,2
LAX,GDL,7
LAX,GRU,3
LAX,HKG,2
LAX,HND,3
LAX,HNL,7
LAX,IAD,4
LAX,IAH,5
LAX,ICN,5
LAX,IST,2
LAX,JED,1
LAX,JFK,8
LAX,LHR,11
LAX,LIM,5
LAX,MAD,4
LAX,MCO,6
LAX,MEL,4
LAX,MEX,7
LAX,MIA,4
LAX,MNL,1
LAX,MSP,6
LAX,MUC,2
LAX,NRT,9
LAX,ORD,7
LAX,PEK,3
LAX,PHL,3
LAX,PVG,7
LAX,SAL,3
LAX,SEA,5
LAX,SFO,7
LAX,SJD,5
LAX,SJO,1
LAX,SVO,2
LAX,SYD,6
LAX,TLV,1
LAX,TPE,4
LAX,VKO,1
LAX,YUL,2
LAX,YVR,5
LAX,YYC,4
LAX,YYZ,5
LAX,ZRH,2
LCA,AMM,1
LCA,AMS,2
LCA,ARN,1
LCA,ATH,5
LCA,AUH,2
LCA,BAH,1
LCA,BEG,2
LCA,BEY,2
LCA,BHX,1
LCA,BSL,1
LCA,BUD,1
LCA,CAI,2
LCA,CDG,2
LCA,DME,1
LCA,DOH,1
LCA,DUS,1
LCA,DXB,1
LCA,FRA,3
LCA,GLA,1
LCA,HAJ,1
LCA,HER,1
LCA,KBP,1
LCA,LED,2
LCA,LGW,7
LCA,LHR,3
LCA,LTN,1
LCA,MAN,5
LCA,MLA,2
LCA,MSQ,1
LCA,MUC,2
LCA,MXP,1
LCA,OSL,1
LCA,OTP,3
LCA,RIX,1
LCA,SKG,2
LCA,SOF,3
LCA,SVO,2
LCA,SXF,1
LCA,TLV,3
LCA,VIE,3
LCA,WAW,1
LCA,ZRH,3
LCY,AGP,2
LCY,AMS,4
LCY,ARN,1
LCY,BSL,1
LCY,DUB,2
LCY,DUS,1
LCY,EDI,1
LCY,FCO,2
LCY,FRA,3
LCY,GLA,1
LCY,GVA,1
LCY,IBZ,2
LCY,LUX,1
LCY,MAD,2
LCY,NCE,1
LCY,NTE,2
LCY,ORY,2
LCY,PMI,2
LCY,VCE,1
LCY,ZRH,3
LED,AMS,2
LED,ARN,2
LED,ATH,1
LED,AYT,1
LED,BCN,3
LED,CDG,2
LED,CPH,1
LED,DME,5
LED,DUS,3
LED,DXB,1
LED,FCO,3
LED,FRA,2
LED,GVA,1
LED,GYD,3
LED,HAM,2
LED,HEL,2
LED,HER,2
LED,ICN,1
LED,IST,2
LED,KBP,4
LED,LCA,2
LED,LHR,1
LED,MLA,1
LED,MSQ,3
LED,MUC,2
LED,MXP,3
LED,NCE,1
LED,OSL,1
LED,PEK,2
LED,PRG,2
LED,PUJ,1
LED,RIX,1
LED,SIP,1
LED,SKG,2
LED,SVO,1
LED,SXF,1
LED,TFS,1
LED,TLV,2
LED,TXL,1
LED,VCE,2
LED,VIE,3
LED,VKO,2
LED,VNO,1
LED,WAW,1
LED,ZRH,1
LGW,AGP,6
LGW,ALC,6
LGW,ALG,1
LGW,AMS,2
LGW,ARN,1
LGW,ATH,1
LGW,AYT,5
LGW,BCN,6
LGW,BLQ,1
LGW,BOD,2
LGW,BRU,1
LGW,BSL,1
LGW,BUD,2
LGW,CDG,1
LGW,CGN,1
LGW,CMN,2
LGW,CPH,2
LGW,CUN,5
LGW,DME,2
LGW,DUB,2
LGW,DUS,1
LGW,DXB,2
LGW,EDI,2
LGW,FAO,5
LGW,FCO,3
LGW,GLA,2
LGW,GOT,1
LGW,GVA,1
LGW,HAM,1
LGW,HAV,1
LGW,HEL,1
LGW,HER,3
LGW,IBZ,3
LGW,IST,1
LGW,JED,1
LGW,KBP,1
LGW,KEF,3
LGW,KRK,1
LGW,LCA,7
LGW,LIS,3
LGW,LPA,5
LGW,LUX,1
LGW,LYS,1
LGW,MAD,2
LGW,MBJ,1
LGW,MCO,7
LGW,MLA,4
LGW,MLE,1
LGW,MRS,1
LGW,MSQ,1
LGW,MUC,1
LGW,MXP,1
LGW,NAP,4
LGW,NCE,4
LGW,NTE,1
LGW,OPO,2
LGW,OSL,1
LGW,OTP,1
LGW,PEK,2
LGW,PMI,6
LGW,PRG,1
LGW,PUJ,1
LGW,RAK,5
LGW,RIX,1
LGW,SAW,1
LGW,SKG,3
LGW,SOF,1
LGW,SXF,1
LGW,TFS,8
LGW,TLS,1
LGW,TLV,1
LGW,VCE,4
LGW,VIE,1
LGW,VLC,1
LGW,YUL,1
LGW,YVR,1
LGW,YYC,1
LGW,YYZ,1
LGW,ZRH,1
LHR,ADD,1
LHR,AGP,2
LHR,ALG,1
LHR,AMM,2
LHR,AMS,5
LHR,ARN,6
LHR,ATH,5
LHR,ATL,8
LHR,AUH,4
LHR,BAH,4
LHR,BCN,3
LHR,BEG,1
LHR,BEY,3
LHR,BKK,4
LHR,BLQ,2
LHR,BLR,2
LHR,BOM,5
LHR,BOS,9
LHR,BRU,3
LHR,BSL,3
LHR,BUD,3
LHR,CAI,2
LHR,CAN,1
LHR,CDG,3
LHR,CGN,1
LHR,CLT,2
LHR,CMB,1
LHR,CMN,1
LHR,CPH,3
LHR,CTU,1
LHR,DAC,1
LHR,DEL,5
LHR,DFW,7
LHR,DME,1
LHR,DOH,2
LHR,DTW,4
LHR,DUB,3
LHR,DUS,3
LHR,DXB,6
LHR,EDI,5
LHR,EWR,8
LHR,EZE,1
LHR,FAO,1
LHR,FCO,3
LHR,FRA,4
LHR,GIG,1
LHR,GLA,3
LHR,GOT,4
LHR,GRU,2
LHR,GVA,3
LHR,GYD,2
LHR,HAJ,3
LHR,HAM,4
LHR,HEL,4
LHR,HKG,3
LHR,HND,4
LHR,IAD,8
LHR,IAH,6
LHR,IBZ,2
LHR,ICN,3
LHR,IKA,1
LHR,IST,3
LHR,JED,2
LHR,JFK,12
LHR,JNB,6
LHR,KBP,1
LHR,KEF,1
LHR,KHI,1
LHR,KUL,2
LHR,KWI,3
LHR,LAX,11
LHR,LCA,3
LHR,LED,1
LHR,LIS,7
LHR,LUX,2
LHR,LYS,2
LHR,MAA,2
LHR,MAD,2
LHR,MAN,5
LHR,MCT,1
LHR,MEX,3
LHR,MIA,7
LHR,MLA,1
LHR,MNL,1
LHR,MRS,2
LHR,MSP,4
LHR,MUC,4
LHR,MXP,2
LHR,NBO,3
LHR,NCE,2
LHR,NRT,4
LHR,OPO,1
LHR,ORD,9
LHR,ORY,3
LHR,OSL,4
LHR,OTP,3
LHR,PEK,3
LHR,PHL,5
LHR,PMI,2
LHR,PRG,2
LHR,PVG,4
LHR,RUH,3
LHR,SEA,8
LHR,SFO,10
LHR,SIN,4
LHR,SOF,3
LHR,STR,4
LHR,SVO,1
LHR,TLS,2
LHR,TLV,2
LHR,TUN,1
LHR,TXL,4
LHR,VCE,2
LHR,VIE,4
LHR,VKO,2
LHR,WAW,5
LHR,YUL,6
LHR,YVR,6
LHR,YYC,6
LHR,YYZ,7
LHR,ZRH,4
LIM,AMS,2
LIM,ATL,1
LIM,BOG,2
LIM,CDG,2
LIM,CUN,1
LIM,DFW,3
LIM,EWR,1
LIM,EZE,3
LIM,FLL,2
LIM,GIG,2
LIM,GRU,4
LIM,HAV,2
LIM,IAH,1
LIM,JFK,3
LIM,LAX,5
LIM,MAD,3
LIM,MEX,3
LIM,MIA,5
LIM,PUJ,1
LIM,SAL,1
LIM,SCL,6
LIM,SDQ,1
LIM,SJO,1
LIM,YYZ,1
LIS,AGP,3
LIS,ALG,2
LIS,AMS,8
LIS,ARN,2
LIS,BCN,4
LIS,BLQ,3
LIS,BOD,2
LIS,BOS,2
LIS,BRS,1
LIS,BRU,8
LIS,BSL,1
LIS,BUD,1
LIS,CDG,3
LIS,CGN,1
LIS,CMN,2
LIS,CPH,3
LIS,DME,2
LIS,DUB,2
LIS,DUS,1
LIS,DXB,2
LIS,EDI,1
LIS,EIN,1
LIS,EWR,3
LIS,FAO,4
LIS,FCO,2
LIS,FRA,4
LIS,GIG,1
LIS,GRU,1
LIS,GVA,4
LIS,HAM,2
LIS,HEL,2
LIS,IST,2
LIS,KBP,2
LIS,LGW,3
LIS,LHR,6
LIS,LPA,2
LIS,LTN,1
LIS,LUX,3
LIS,LYS,2
LIS,MAD,6
LIS,MAN,2
LIS,MIA,2
LIS,MRS,2
LIS,MUC,2
LIS,MXP,3
LIS,NCE,2
LIS,NTE,1
LIS,OPO,4
LIS,ORY,5
LIS,OSL,2
LIS,OTP,1
LIS,PHL,3
LIS,PRG,1
LIS,RAK,1
LIS,STN,1
LIS,STR,1
LIS,SXF,2
LIS,TLS,1
LIS,TUN,1
LIS,VCE,2
LIS,VIE,2
LIS,VLC,2
LIS,WAW,2
LIS,YUL,1
LIS,YYZ,3
LIS,ZRH,4
LPA,AGP,2
LPA,ALC,1
LPA,AMS,1
LPA,ARN,1
LPA,BCN,3
LPA,BGY,1
LPA,BHX,3
LPA,BRS,3
LPA,BRU,1
LPA,BSL,3
LPA,CDG,1
LPA,CGN,4
LPA,CMN,2
LPA,CPH,1
LPA,CRL,1
LPA,DUB,2
LPA,DUS,4
LPA,EDI,1
LPA,EIN,2
LPA,FRA,2
LPA,GLA,3
LPA,HAJ,1
LPA,HAM,3
LPA,LGW,5
LPA,LIS,2
LPA,LTN,2
LPA,LUX,1
LPA,MAD,6
LPA,MAN,6
LPA,MUC,4
LPA,OPO,1
LPA,ORY,2
LPA,OSL,2
LPA,PRG,1
LPA,RAK,1
LPA,STN,2
LPA,STR,2
LPA,SXF,2
LPA,TFS,1
LPA,TXL,1
LPA,VIE,3
LPA,VLC,2
LPA,ZRH,3
LTN,AGP,3
LTN,ALC,2
LTN,AMS,1
LTN,AYT,2
LTN,BCN,1
LTN,BEG,1
LTN,BOD,1
LTN,BUD,2
LTN,CDG,1
LTN,DUB,1
LTN,EDI,1
LTN,FAO,3
LTN,FCO,1
LTN,GDN,1
LTN,GLA,1
LTN,GVA,1
LTN,HAM,1
LTN,HER,1
LTN,IBZ,2
LTN,IST,1
LTN,KEF,1
LTN,LCA,2
LTN,LIS,1
LTN,LPA,2
LTN,MAD,1
LTN,MLA,1
LTN,MXP,1
LTN,NAP,1
LTN,NCE,1
LTN,OTP,1
LTN,PMI,3
LTN,PRG,1
LTN,RAK,1
LTN,RIX,1
LTN,SOF,1
LTN,SXF,1
LTN,TFS,3
LTN,TLV,2
LTN,VCE,1
LTN,VNO,1
LTN,WAW,1
LTN,ZRH,1
LUX,AGP,1
LUX,AMS,1
LUX,ARN,1
LUX,AYT,1
LUX,BCN,3
LUX,CDG,2
LUX,CPH,2
LUX,DUB,1
LUX,DUS,2
LUX,FAO,1
LUX,FCO,2
LUX,FRA,1
LUX,GVA,1
LUX,HER,1
LUX,IBZ,1
LUX,IST,1
LUX,LCY,1
LUX,LGW,1
LUX,LHR,2
LUX,LIS,3
LUX,LPA,1
LUX,MAD,1
LUX,MLA,1
LUX,MUC,2
LUX,MXP,3
LUX,NAP,1
LUX,NCE,1
LUX,OPO,2
LUX,PMI,1
LUX,RAK,1
LUX,TFS,1
LUX,TXL,2
LUX,VIE,2
LUX,ZRH,1
LYS,AGP,2
LYS,ALG,2
LYS,AMS,2
LYS,ATH,3
LYS,BCN,3
LYS,BHX,2
LYS,BLQ,2
LYS,BOD,2
LYS,BRU,4
LYS,CDG,2
LYS,CMN,3
LYS,DUB,1
LYS,DUS,1
LYS,DXB,1
LYS,EDI,1
LYS,FCO,4
LYS,FRA,2
LYS,GOT,2
LYS,HER,1
LYS,IST,1
LYS,LGW,1
LYS,LHR,2
LYS,LIS,2
LYS,MAD,2
LYS,MLA,2
LYS,MRS,1
LYS,MUC,1
LYS,MXP,3
LYS,NCE,2
LYS,NTE,2
LYS,OPO,2
LYS,ORY,1
LYS,PMI,2
LYS,PRG,2
LYS,RAK,3
LYS,STN,1
LYS,SXF,1
LYS,TLS,3
LYS,TUN,3
LYS,VCE,3
LYS,VIE,2
LYS,YUL,1
LYS,ZRH,1
MAA,AUH,2
MAA,BAH,1
MAA,BKK,2
MAA,BLR,5
MAA,BOM,7
MAA,CMB,4
MAA,COK,5
MAA,DAC,1
MAA,DEL,5
MAA,DMK,1
MAA,DMM,1
MAA,DOH,1
MAA,DXB,2
MAA,FRA,2
MAA,HKG,1
MAA,JED,1
MAA,KUL,4
MAA,KWI,1
MAA,LHR,2
MAA,MCT,2
MAA,MLE,1
MAA,RUH,1
MAA,SHJ,2
MAA,SIN,7
MAD,AGP,2
MAD,ALC,1
MAD,ALG,2
MAD,AMM,2
MAD,AMS,3
MAD,ARN,2
MAD,ATH,2
MAD,ATL,4
MAD,BCN,4
MAD,BGY,1
MAD,BKK,1
MAD,BLQ,2
MAD,BOD,1
MAD,BOG,2
MAD,BOS,4
MAD,BRS,1
MAD,BRU,5
MAD,BSL,1
MAD,BUD,2
MAD,CAI,1
MAD,CDG,3
MAD,CIA,1
MAD,CMN,2
MAD,CPH,3
MAD,CRL,1
MAD,CUN,4
MAD,DFW,5
MAD,DME,2
MAD,DOH,3
MAD,DUB,3
MAD,DUS,3
MAD,DXB,1
MAD,EDI,1
MAD,EIN,1
MAD,EWR,2
MAD,EZE,3
MAD,FCO,3
MAD,FRA,8
MAD,GIG,1
MAD,GRU,5
MAD,GVA,4
MAD,HAM,1
MAD,HAV,2
MAD,HEL,2
MAD,IBZ,5
MAD,ICN,1
MAD,IST,1
MAD,JED,2
MAD,JFK,9
MAD,KBP,2
MAD,KRK,1
MAD,LAX,4
MAD,LCY,2
MAD,LGW,2
MAD,LHR,2
MAD,LIM,3
MAD,LIS,6
MAD,LPA,5
MAD,LTN,1
MAD,LUX,1
MAD,LYS,2
MAD,MAN,1
MAD,MEX,4
MAD,MIA,5
MAD,MLA,1
MAD,MRS,2
MAD,MUC,4
MAD,MXP,3
MAD,NCE,1
MAD,NTE,1
MAD,OPO,6
MAD,ORD,4
MAD,ORY,3
MAD,OTP,3
MAD,PEK,2
MAD,PHL,2
MAD,PMI,4
MAD,PRG,4
MAD,PUJ,3
MAD,RAK,3
MAD,SAW,1
MAD,SCL,2
MAD,SDQ,1
MAD,SJO,1
MAD,SOF,3
MAD,STN,1
MAD,SVO,2
MAD,SXF,1
MAD,TFS,2
MAD,TLS,1
MAD,TLV,2
MAD,TUN,1
MAD,TXL,2
MAD,VCE,1
MAD,VIE,3
MAD,VKO,1
MAD,VLC,3
MAD,WAW,1
MAD,ZRH,3
MAN,AGP,5
MAN,ALC,5
MAN,AMS,2
MAN,ARN,3
MAN,ATH,3
MAN,ATL,4
MAN,AUH,1
MAN,AYT,4
MAN,BCN,3
MAN,BGY,1
MAN,BLQ,1
MAN,BRU,1
MAN,BSL,1
MAN,BUD,2
MAN,CAI,1
MAN,CDG,4
MAN,CGN,1
MAN,CIA,1
MAN,CPH,3
MAN,CRL,1
MAN,CUN,4
MAN,DME,1
MAN,DOH,2
MAN,DUB,2
MAN,DUS,2
MAN,DXB,2
MAN,EDI,1
MAN,EWR,2
MAN,FAO,4
MAN,FCO,1
MAN,FRA,1
MAN,GDN,1
MAN,GLA,1
MAN,GOT,1
MAN,GVA,1
MAN,HAJ,1
MAN,HAM,2
MAN,HEL,3
MAN,HER,3
MAN,IBZ,4
MAN,IST,1
MAN,JED,2
MAN,JFK,6
MAN,KEF,2
MAN,KRK,1
MAN,LCA,5
MAN,LHR,5
MAN,LIS,2
MAN,LPA,6
MAN,MAD,1
MAN,MBJ,1
MAN,MCO,3
MAN,MLA,4
MAN,MUC,6
MAN,MXP,1
MAN,NAP,3
MAN,NCE,1
MAN,NTE,2
MAN,ORD,5
MAN,OSL,2
MAN,PHL,2
MAN,PMI,8
MAN,PRG,2
MAN,PUJ,2
MAN,RAK,3
MAN,RIX,1
MAN,SKG,1
MAN,SOF,1
MAN,SXF,1
MAN,TFS,8
MAN,TLS,1
MAN,TLV,1
MAN,VCE,4
MAN,VIE,1
MAN,VLC,1
MAN,YVR,1
MAN,YYC,1
MAN,YYZ,1
MAN,ZRH,1
MBJ,AMS,1
MBJ,ATL,4
MBJ,CLT,2
MBJ,DFW,2
MBJ,DTW,1
MBJ,EWR,1
MBJ,FLL,3
MBJ,FRA,1
MBJ,IAD,1
MBJ,IAH,1
MBJ,JFK,3
MBJ,LGW,1
MBJ,MCO,2
MBJ,MIA,2
MBJ,ORD,3
MBJ,PHL,2
MBJ,YUL,2
MBJ,YYZ,3
MCO,ATL,8
MCO,AUA,1
MCO,BOG,3
MCO,BOS,4
MCO,CLT,4
MCO,CUN,3
MCO,DFW,3
MCO,DTW,2
MCO,DUB,1
MCO,EWR,2
MCO,FLL,3
MCO,FRA,2
MCO,GLA,3
MCO,GRU,2
MCO,IAD,1
MCO,IAH,2
MCO,JFK,4
MCO,LAX,6
MCO,LGW,7
MCO,MAN,3
MCO,MBJ,2
MCO,MEX,3
MCO,MIA,2
MCO,MSP,4
MCO,ORD,4
MCO,PHL,4
MCO,SAL,1
MCO,SDQ,3
MCO,SEA,2
MCO,SFO,2
MCO,SJO,1
MCO,YUL,2
MCO,YYC,1
MCO,YYZ,5
MCT,ADD,2
MCT,AMM,2
MCT,AUH,11
MCT,BAH,3
MCT,BEY,1
MCT,BKK,1
MCT,BLR,1
MCT,BOM,4
MCT,CAI,2
MCT,CDG,1
MCT,CMB,3
MCT,COK,3
MCT,DAC,1
MCT,DEL,2
MCT,DMM,1
MCT,DOH,5
MCT,DXB,4
MCT,FRA,1
MCT,IKA,1
MCT,IST,2
MCT,JED,1
MCT,KHI,3
MCT,KTM,1
MCT,KUL,2
MCT,KWI,2
MCT,LHR,1
MCT,MAA,2
MCT,MED,2
MCT,MLE,1
MCT,MUC,1
MCT,MXP,1
MCT,RUH,2
MCT,SHJ,1
MCT,ZRH,2
MED,AMM,2
MED,AUH,2
MED,BAH,2
MED,CAI,2
MED,DMM,2
MED,DOH,1
MED,DXB,3
MED,IST,2
MED,JED,2
MED,KHI,1
MED,KWI,1
MED,MCT,1
MED,RUH,2
MED,SAW,1
MED,SHJ,1
MED,TUN,1
MEL,AKL,8
MEL,AUH,3
MEL,BKK,3
MEL,BNE,5
MEL,CAN,1
MEL,CGK,1
MEL,CTU,1
MEL,DEL,1
MEL,DOH,1
MEL,DPS,4
MEL,DXB,2
MEL,HKG,3
MEL,HKT,1
MEL,HNL,2
MEL,KUL,4
MEL,LAX,4
MEL,MNL,1
MEL,NRT,1
MEL,PER,5
MEL,PVG,4
MEL,SGN,2
MEL,SIN,7
MEL,SYD,7
MEX,AMS,1
MEX,ATL,8
MEX,BOG,4
MEX,CDG,3
MEX,CLT,2
MEX,CUN,4
MEX,DFW,5
MEX,DTW,2
MEX,EWR,1
MEX,EZE,1
MEX,FRA,1
MEX,GDL,4
MEX,GRU,2
MEX,HAV,3
MEX,IAD,3
MEX,IAH,4
MEX,JFK,4
MEX,LAX,7
MEX,LHR,2
MEX,LIM,3
MEX,MAD,4
MEX,MCO,3
MEX,MIA,8
MEX,MUC,1
MEX,ORD,6
MEX,SAL,2
MEX,SCL,2
MEX,SFO,4
MEX,SJD,3
MEX,SJO,3
MEX,YUL,1
MEX,YVR,1
MEX,YYZ,2
MFM,BKK,2
MFM,CTU,2
MFM,DAD,1
MFM,DMK,1
MFM,FUK,1
MFM,HAN,1
MFM,HGH,4
MFM,ICN,3
MFM,KHH,3
MFM,KIX,2
MFM,KMG,1
MFM,KUL,1
MFM,MNL,4
MFM,NRT,2
MFM,PEK,2
MFM,PUS,2
MFM,PVG,6
MFM,SIN,1
MFM,TPE,3
MIA,AMS,1
MIA,ATL,12
MIA,AUA,5
MIA,BCN,5
MIA,BOG,5
MIA,BOS,2
MIA,CDG,8
MIA,CLT,2
MIA,CUN,3
MIA,DFW,2
MIA,DTW,3
MIA,DUS,2
MIA,EWR,3
MIA,EZE,3
MIA,FCO,2
MIA,FRA,2
MIA,GIG,3
MIA,GRU,3
MIA,IAD,3
MIA,IAH,3
MIA,JFK,3
MIA,LAX,4
MIA,LHR,8
MIA,LIM,5
MIA,LIS,2
MIA,MAD,5
MIA,MBJ,2
MIA,MCO,2
MIA,MEX,7
MIA,MSP,3
MIA,MXP,5
MIA,ORD,3
MIA,PHL,2
MIA,PUJ,4
MIA,SAL,4
MIA,SCL,3
MIA,SDQ,4
MIA,SEA,2
MIA,SFO,3
MIA,SJO,2
MIA,SVO,2
MIA,TXL,2
MIA,VKO,1
MIA,YUL,3
MIA,YYZ,4
MIA,ZRH,2
MLA,ALG,1
MLA,AMS,2
MLA,ARN,1
MLA,ATH,1
MLA,BCN,2
MLA,BGY,1
MLA,BHX,2
MLA,BLQ,1
MLA,BRS,2
MLA,BRU,2
MLA,BUD,2
MLA,CDG,2
MLA,CPH,1
MLA,DME,1
MLA,DUB,1
MLA,DUS,2
MLA,EDI,1
MLA,EIN,1
MLA,FCO,3
MLA,FRA,2
MLA,GLA,1
MLA,GVA,1
MLA,HAM,1
MLA,IST,2
MLA,KRK,1
MLA,LCA,2
MLA,LED,1
MLA,LGW,4
MLA,LHR,1
MLA,LTN,1
MLA,LUX,1
MLA,LYS,2
MLA,MAD,1
MLA,MAN,4
MLA,MRS,2
MLA,MUC,2
MLA,NTE,1
MLA,ORY,3
MLA,OSL,1
MLA,PRG,2
MLA,RIX,1
MLA,SAW,2
MLA,STN,1
MLA,SVO,2
MLA,TLS,1
MLA,TUN,1
MLA,TXL,1
MLA,VIE,4
MLA,ZRH,2
MLE,AUH,2
MLE,BKK,1
MLE,CAN,1
MLE,CMB,10
MLE,COK,1
MLE,DOH,1
MLE,DXB,1
MLE,FRA,1
MLE,HKG,2
MLE,IST,1
MLE,KUL,1
MLE,LGW,1
MLE,MAA,1
MLE,MCT,1
MLE,MXP,1
MLE,PEK,2
MLE,PVG,1
MLE,SIN,2
MLE,SVO,1
MLE,VKO,1
MNL,AUH,2
MNL,BAH,2
MNL,BKK,4
MNL,CAN,3
MNL,CEB,5
MNL,CGK,3
MNL,DMM,2
MNL,DOH,2
MNL,DPS,2
MNL,DXB,3
MNL,FUK,1
MNL,HAN,1
MNL,HKG,4
MNL,HKT,1
MNL,HND,2
MNL,HNL,1
MNL,ICN,6
MNL,JED,1
MNL,KHH,1
MNL,KIX,3
MNL,KUL,3
MNL,LAX,1
MNL,LHR,1
MNL,MEL,1
MNL,MFM,4
MNL,NGO,3
MNL,NRT,5
MNL,PEK,3
MNL,PUS,3
MNL,PVG,4
MNL,RUH,2
MNL,SFO,1
MNL,SGN,3
MNL,SIN,5
MNL,SYD,2
MNL,TPE,6
MNL,YVR,1
MRS,AGP,1
MRS,ALG,3
MRS,AMS,2
MRS,ATH,3
MRS,BCN,2
MRS,BOD,2
MRS,BRU,1
MRS,CDG,8
MRS,CIA,1
MRS,CMN,1
MRS,CRL,1
MRS,DUB,1
MRS,EDI,1
MRS,EIN,1
MRS,FCO,2
MRS,FRA,2
MRS,GVA,1
MRS,HER,1
MRS,IBZ,1
MRS,IST,2
MRS,LGW,1
MRS,LHR,2
MRS,LIS,2
MRS,LYS,1
MRS,MAD,2
MRS,MLA,2
MRS,MUC,1
MRS,MXP,4
MRS,NTE,2
MRS,OPO,1
MRS,ORY,2
MRS,PMI,3
MRS,PRG,1
MRS,RAK,3
MRS,SAW,1
MRS,STN,1
MRS,SVO,1
MRS,TLS,1
MRS,TLV,2
MRS,TUN,2
MRS,TXL,1
MRS,VCE,2
MRS,VLC,1
MRS,YUL,1
MSP,AMS,2
MSP,ATL,7
MSP,BOS,2
MSP,CDG,2
MSP,CLT,3
MSP,CUN,3
MSP,DFW,5
MSP,DTW,1
MSP,EWR,2
MSP,FLL,1
MSP,IAD,2
MSP,IAH,3
MSP,JFK,2
MSP,LAX,7
MSP,LHR,4
MSP,MCO,4
MSP,MIA,3
MSP,NRT,1
MSP,ORD,5
MSP,PHL,3
MSP,PUJ,1
MSP,SEA,5
MSP,SFO,5
MSP,YUL,2
MSP,YVR,1
MSP,YYC,1
MSP,YYZ,4
MSQ,AMS,1
MSQ,ARN,1
MSQ,AUH,2
MSQ,BCN,1
MSQ,BEY,1
MSQ,BUD,1
MSQ,CDG,1
MSQ,DME,3
MSQ,FCO,1
MSQ,FRA,2
MSQ,GVA,1
MSQ,GYD,1
MSQ,HAJ,1
MSQ,HEL,2
MSQ,IKA,1
MSQ,IST,2
MSQ,KBP,2
MSQ,LCA,1
MSQ,LED,3
MSQ,LGW,1
MSQ,MXP,1
MSQ,NCE,1
MSQ,PRG,2
MSQ,RIX,2
MSQ,SVO,1
MSQ,SXF,1
MSQ,TLV,1
MSQ,VIE,2
MSQ,VNO,1
MSQ,WAW,2
MUC,AGP,5
MUC,ALC,2
MUC,AMM,2
MUC,AMS,2
MUC,ARN,3
MUC,ATH,4
MUC,ATL,3
MUC,AUH,3
MUC,AYT,4
MUC,BCN,3
MUC,BEG,2
MUC,BHX,1
MUC,BKK,2
MUC,BLQ,1
MUC,BOD,1
MUC,BOM,2
MUC,BOS,2
MUC,BRS,1
MUC,BRU,2
MUC,BSL,3
MUC,BUD,1
MUC,CAI,2
MUC,CDG,2
MUC,CGN,2
MUC,CLT,1
MUC,CMN,1
MUC,CPH,2
MUC,DEL,2
MUC,DME,3
MUC,DOH,2
MUC,DUB,2
MUC,DUS,3
MUC,DXB,3
MUC,EDI,1
MUC,EWR,2
MUC,FAO,4
MUC,FCO,2
MUC,FRA,3
MUC,GDN,2
MUC,GOT,2
MUC,GRU,2
MUC,GVA,2
MUC,HAJ,1
MUC,HAM,2
MUC,HEL,4
MUC,HER,5
MUC,HKG,1
MUC,HND,2
MUC,IAD,2
MUC,IAH,1
MUC,IBZ,2
MUC,ICN,1
MUC,IST,4
MUC,JFK,2
MUC,JNB,3
MUC,KBP,2
MUC,KEF,1
MUC,KRK,2
MUC,LAX,2
MUC,LCA,2
MUC,LED,2
MUC,LGW,1
MUC,LHR,4
MUC,LIS,3
MUC,LPA,4
MUC,LUX,2
MUC,LYS,1
MUC,MAD,6
MUC,MAN,6
MUC,MCT,1
MUC,MEX,1
MUC,MLA,2
MUC,MRS,1
MUC,MXP,1
MUC,NAP,3
MUC,NCE,1
MUC,NTE,1
MUC,OPO,1
MUC,ORD,2
MUC,OSL,3
MUC,OTP,2
MUC,PEK,2
MUC,PHL,2
MUC,PMI,4
MUC,PRG,1
MUC,PUJ,2
MUC,PVG,2
MUC,RAK,1
MUC,RIX,2
MUC,RUH,1
MUC,SAW,3
MUC,SFO,2
MUC,SIN,4
MUC,SKG,4
MUC,SOF,2
MUC,STN,1
MUC,STR,1
MUC,SVO,1
MUC,TFS,4
MUC,TLS,1
MUC,TLV,3
MUC,TUN,1
MUC,TXL,3
MUC,VCE,2
MUC,VIE,5
MUC,VLC,1
MUC,VNO,1
MUC,WAW,2
MUC,YUL,2
MUC,YVR,2
MUC,YYZ,2
MUC,ZRH,2
MXP,AGP,1
MXP,ALG,1
MXP,AMS,1
MXP,ATH,3
MXP,AUH,2
MXP,BCN,4
MXP,BEG,3
MXP,BEY,2
MXP,BHX,1
MXP,BKK,1
MXP,BOD,1
MXP,BRS,1
MXP,BRU,4
MXP,BUD,1
MXP,CAI,2
MXP,CDG,2
MXP,CGN,1
MXP,CMN,2
MXP,CPH,2
MXP,CUN,1
MXP,DME,1
MXP,DOH,1
MXP,DUB,1
MXP,DUS,3
MXP,DXB,2
MXP,EDI,1
MXP,EWR,2
MXP,FCO,6
MXP,FRA,2
MXP,GRU,1
MXP,GYD,2
MXP,HAJ,1
MXP,HAM,2
MXP,HAV,1
MXP,HEL,1
MXP,HER,1
MXP,HKG,1
MXP,IBZ,1
MXP,IKA,1
MXP,IST,1
MXP,JED,2
MXP,JFK,10
MXP,KBP,1
MXP,LCA,1
MXP,LED,3
MXP,LGW,1
MXP,LHR,2
MXP,LIS,4
MXP,LTN,1
MXP,LUX,3
MXP,LYS,3
MXP,MAD,3
MXP,MAN,1
MXP,MCT,1
MXP,MIA,5
MXP,MRS,4
MXP,MSQ,1
MXP,MUC,1
MXP,NAP,1
MXP,NRT,1
MXP,NTE,3
MXP,OPO,2
MXP,OSL,2
MXP,OTP,1
MXP,PEK,1
MXP,PMI,1
MXP,PRG,3
MXP,PVG,1
MXP,RAK,2
MXP,RIX,2
MXP,RUH,2
MXP,SAW,1
MXP,SIN,1
MXP,SOF,2
MXP,STR,1
MXP,SVO,2
MXP,SXF,1
MXP,TFS,1
MXP,TLS,1
MXP,TLV,3
MXP,TUN,2
MXP,TXL,2
MXP,VIE,5
MXP,VKO,1
MXP,WAW,1
MXP,ZRH,1
NAP,AMS,1
NAP,BCN,2
NAP,BRU,2
NAP,BSL,1
NAP,BUD,1
NAP,CDG,3
NAP,CGN,1
NAP,DUB,1
NAP,DUS,3
NAP,EDI,1
NAP,EIN,1
NAP,FCO,1
NAP,FRA,2
NAP,GVA,1
NAP,HAJ,1
NAP,HAM,2
NAP,IST,1
NAP,KBP,1
NAP,LGW,4
NAP,LTN,1
NAP,LUX,1
NAP,MAN,3
NAP,MUC,3
NAP,MXP,1
NAP,NCE,1
NAP,NTE,1
NAP,ORY,2
NAP,OTP,1
NAP,PRG,1
NAP,STN,1
NAP,STR,3
NAP,SXF,1
NAP,TLV,1
NAP,TUN,1
NAP,TXL,2
NAP,VCE,2
NAP,VIE,1
NAP,ZRH,2
NBO,ADD,4
NBO,AMS,3
NBO,AUH,3
NBO,BKK,3
NBO,BOM,2
NBO,BRU,4
NBO,CAI,1
NBO,CAN,2
NBO,CDG,2
NBO,DEL,1
NBO,DOH,1
NBO,DXB,4
NBO,ICN,2
NBO,IST,2
NBO,JED,2
NBO,JNB,2
NBO,LHR,3
NBO,SHJ,1
NBO,ZRH,3
NCE,ALG,1
NCE,AMS,3
NCE,ARN,2
NCE,BCN,3
NCE,BHX,1
NCE,BOD,2
NCE,BRS,1
NCE,BRU,2
NCE,BSL,1
NCE,CDG,2
NCE,CGN,1
NCE,CMN,1
NCE,CPH,2
NCE,DME,1
NCE,DUB,2
NCE,DUS,2
NCE,DXB,1
NCE,EDI,1
NCE,EIN,1
NCE,FCO,3
NCE,FRA,1
NCE,GOT,1
NCE,GVA,2
NCE,HAM,2
NCE,HEL,2
NCE,IST,1
NCE,JFK,2
NCE,KBP,1
NCE,LCY,1
NCE,LED,1
NCE,LGW,4
NCE,LHR,2
NCE,LIS,3
NCE,LTN,1
NCE,LUX,1
NCE,LYS,2
NCE,MAD,1
NCE,MAN,1
NCE,MSQ,1
NCE,MUC,1
NCE,NAP,1
NCE,NTE,2
NCE,ORY,2
NCE,OSL,2
NCE,OTP,1
NCE,PRG,2
NCE,RAK,2
NCE,RIX,1
NCE,STN,1
NCE,SVO,1
NCE,SXF,1
NCE,TLS,2
NCE,TLV,2
NCE,TUN,1
NCE,TXL,1
NCE,VCE,3
NCE,VIE,3
NCE,WAW,1
NCE,YUL,1
NCE,ZRH,1
NGO,BKK,3
NGO,DTW,1
NGO,FRA,2
NGO,FUK,3
NGO,HAN,2
NGO,HEL,2
NGO,HKG,3
NGO,HND,1
NGO,HNL,3
NGO,ICN,6
NGO,KUL,1
NGO,MNL,3
NGO,NRT,3
NGO,PEK,3
NGO,PUS,2
NGO,PVG,5
NGO,SGN,1
NGO,SIN,2
NGO,TAO,2
NGO,TPE,3
NRT,AKL,3
NRT,AMS,1
NRT,ATL,1
NRT,AUH,2
NRT,BKK,8
NRT,BOM,2
NRT,BOS,2
NRT,CAN,6
NRT,CDG,3
NRT,CEB,1
NRT,CGK,3
NRT,CMB,1
NRT,CPH,1
NRT,CTU,2
NRT,DEL,3
NRT,DFW,4
NRT,DME,2
NRT,DOH,3
NRT,DPS,2
NRT,DTW,1
NRT,DUS,2
NRT,DXB,2
NRT,EWR,2
NRT,FCO,1
NRT,FRA,1
NRT,FUK,4
NRT,HAN,3
NRT,HEL,2
NRT,HGH,2
NRT,HKG,5
NRT,HNL,7
NRT,IAD,2
NRT,IAH,2
NRT,ICN,10
NRT,IST,2
NRT,JFK,5
NRT,KHH,5
NRT,KIX,4
NRT,KUL,3
NRT,LAX,8
NRT,LHR,4
NRT,MEL,1
NRT,MEX,1
NRT,MFM,2
NRT,MNL,5
NRT,MSP,1
NRT,MXP,1
NRT,NGO,3
NRT,ORD,6
NRT,PEK,6
NRT,PUS,5
NRT,PVG,5
NRT,RGN,1
NRT,SEA,3
NRT,SFO,2
NRT,SGN,4
NRT,SIN,8
NRT,SVO,1
NRT,SYD,2
NRT,TAO,3
NRT,TPE,10
NRT,VCE,1
NRT,VIE,2
NRT,YVR,4
NRT,YYC,2
NRT,YYZ,2
NRT,ZRH,2
NTE,AGP,2
NTE,AMS,2
NTE,ATH,2
NTE,BCN,2
NTE,BOD,2
NTE,BRU,2
NTE,BSL,1
NTE,CDG,3
NTE,CMN,1
NTE,DUB,1
NTE,DUS,2
NTE,FCO,4
NTE,GVA,1
NTE,HER,1
NTE,LCY,2
NTE,LGW,1
NTE,LIS,1
NTE,LYS,3
NTE,MAD,1
NTE,MAN,2
NTE,MLA,1
NTE,MRS,2
NTE,MUC,1
NTE,MXP,3
NTE,NAP,1
NTE,NCE,2
NTE,OPO,1
NTE,ORY,1
NTE,PMI,1
NTE,PRG,1
NTE,RAK,2
NTE,TFS,1
NTE,TLS,2
NTE,TUN,2
NTE,TXL,1
NTE,VCE,2
NTE,VLC,1
OPO,AMS,3
OPO,BCN,5
OPO,BGY,1
OPO,BHX,1
OPO,BLQ,1
OPO,BOD,1
OPO,BRU,5
OPO,BSL,1
OPO,CDG,1
OPO,CIA,1
OPO,CRL,1
OPO,DUB,1
OPO,EIN,1
OPO,EWR,2
OPO,FAO,1
OPO,FCO,2
OPO,FRA,2
OPO,GIG,1
OPO,GRU,1
OPO,GVA,3
OPO,LGW,2
OPO,LHR,1
OPO,LIS,5
OPO,LPA,1
OPO,LUX,2
OPO,LYS,2
OPO,MAD,6
OPO,MRS,1
OPO,MUC,1
OPO,MXP,2
OPO,NTE,1
OPO,ORY,5
OPO,PMI,1
OPO,STN,1
OPO,TFS,1
OPO,VLC,1
OPO,YYZ,2
OPO,ZRH,3
ORD,AMM,3
ORD,AMS,4
ORD,ARN,1
ORD,ATL,20
ORD,AUH,2
ORD,BOS,5
ORD,BRU,2
ORD,CDG,10
ORD,CLT,3
ORD,CPH,1
ORD,CUN,3
ORD,DEL,1
ORD,DFW,4
ORD,DOH,2
ORD,DTW,4
ORD,DUB,7
ORD,DUS,8
ORD,EWR,3
ORD,FCO,7
ORD,FLL,4
ORD,FRA,2
ORD,GDL,2
ORD,GRU,1
ORD,HKG,3
ORD,HNL,1
ORD,IAD,1
ORD,IAH,4
ORD,ICN,3
ORD,IST,2
ORD,JFK,5
ORD,LAX,6
ORD,LHR,9
ORD,MAD,4
ORD,MAN,5
ORD,MBJ,3
ORD,MCO,4
ORD,MEX,6
ORD,MIA,3
ORD,MSP,5
ORD,MUC,2
ORD,NRT,6
ORD,PEK,5
ORD,PHL,3
ORD,PUJ,2
ORD,PVG,5
ORD,SAL,1
ORD,SEA,4
ORD,SFO,5
ORD,SJD,4
ORD,SJO,1
ORD,TXL,2
ORD,VIE,2
ORD,WAW,1
ORD,YUL,6
ORD,YVR,5
ORD,YYC,5
ORD,YYZ,6
ORD,ZRH,2
ORY,AGP,3
ORY,ALC,2
ORY,ALG,2
ORY,ARN,1
ORY,ATH,2
ORY,AYT,1
ORY,BCN,2
ORY,BLQ,2
ORY,BOD,1
ORY,BUD,1
ORY,CMN,1
ORY,CPH,1
ORY,EWR,3
ORY,FAO,2
ORY,FCO,3
ORY,GVA,1
ORY,HEL,1
ORY,HER,1
ORY,IBZ,3
ORY,IKA,1
ORY,JFK,3
ORY,LCY,2
ORY,LHR,3
ORY,LIS,5
ORY,LPA,2
ORY,LYS,1
ORY,MAD,3
ORY,MLA,3
ORY,MRS,1
ORY,NAP,2
ORY,NCE,2
ORY,NTE,1
ORY,OPO,5
ORY,OSL,1
ORY,PMI,4
ORY,PRG,1
ORY,RAK,2
ORY,SAW,2
ORY,SXF,1
ORY,TFS,1
ORY,TLS,2
ORY,TLV,1
ORY,TUN,2
ORY,TXL,1
ORY,VCE,2
ORY,VKO,2
ORY,VLC,2
ORY,YUL,1
OSL,AGP,2
OSL,ALC,2
OSL,AMS,3
OSL,ARN,3
OSL,ATH,3
OSL,AYT,1
OSL,BCN,4
OSL,BEG,1
OSL,BKK,3
OSL,BRU,2
OSL,BUD,1
OSL,CDG,3
OSL,CGN,1
OSL,CPH,3
OSL,DOH,1
OSL,DUB,2
OSL,DUS,2
OSL,EDI,2
OSL,EWR,2
OSL,FAO,1
OSL,FCO,2
OSL,FLL,1
OSL,FRA,3
OSL,GDN,2
OSL,GOT,2
OSL,GVA,1
OSL,HAM,2
OSL,HEL,3
OSL,IST,2
OSL,JFK,1
OSL,KBP,1
OSL,KEF,3
OSL,KRK,1
OSL,LCA,1
OSL,LED,1
OSL,LGW,1
OSL,LHR,4
OSL,LIS,2
OSL,LPA,2
OSL,MAN,2
OSL,MLA,1
OSL,MUC,3
OSL,MXP,2
OSL,NCE,2
OSL,ORY,1
OSL,PMI,2
OSL,PRG,2
OSL,RAK,1
OSL,RIX,3
OSL,SVO,2
OSL,SXF,1
OSL,TFS,1
OSL,TXL,4
OSL,VCE,1
OSL,VIE,2
OSL,VNO,1
OSL,WAW,1
OSL,ZRH,2
OTP,AMM,2
OTP,AMS,2
OTP,ATH,3
OTP,BCN,5
OTP,BEG,2
OTP,BEY,2
OTP,BGY,1
OTP,BLQ,1
OTP,BRU,2
OTP,BUD,1
OTP,CDG,2
OTP,CIA,1
OTP,CPH,1
OTP,CRL,1
OTP,DOH,1
OTP,DUB,2
OTP,DUS,1
OTP,DXB,2
OTP,EIN,1
OTP,FCO,3
OTP,FRA,3
OTP,GVA,2
OTP,IST,2
OTP,LCA,3
OTP,LGW,1
OTP,LHR,3
OTP,LIS,1
OTP,LTN,1
OTP,MAD,3
OTP,MUC,2
OTP,MXP,1
OTP,NAP,1
OTP,NCE,1
OTP,PRG,3
OTP,SAW,1
OTP,SKG,1
OTP,SOF,3
OTP,STN,1
OTP,SVO,2
OTP,TLV,3
OTP,TXL,2
OTP,VIE,2
OTP,VLC,1
OTP,WAW,2
OTP,ZRH,1
PEK,ADD,2
PEK,ALG,1
PEK,AMS,2
PEK,ARN,2
PEK,AUH,3
PEK,BKK,3
PEK,BRU,2
PEK,CAI,2
PEK,CAN,4
PEK,CDG,4
PEK,CGK,1
PEK,CMB,1
PEK,CPH,2
PEK,CTU,6
PEK,DEL,1
PEK,DOH,1
PEK,DTW,3
PEK,DUS,2
PEK,DXB,2
PEK,EWR,2
PEK,FCO,1
PEK,FRA,2
PEK,GVA,1
PEK,GYD,1
PEK,HAN,2
PEK,HEL,2
PEK,HGH,8
PEK,HKG,6
PEK,HKT,2
PEK,HND,4
PEK,HNL,3
PEK,IAD,2
PEK,IAH,2
PEK,ICN,4
PEK,IKA,1
PEK,IST,2
PEK,JFK,3
PEK,JNB,2
PEK,KHH,1
PEK,KIX,2
PEK,KMG,6
PEK,KUL,2
PEK,LAX,3
PEK,LED,2
PEK,LGW,2
PEK,LHR,3
PEK,MAD,2
PEK,MFM,2
PEK,MLE,2
PEK,MNL,3
PEK,MUC,2
PEK,MXP,1
PEK,NGO,4
PEK,NRT,6
PEK,ORD,5
PEK,PUS,4
PEK,PVG,6
PEK,RGN,1
PEK,SEA,5
PEK,SFO,3
PEK,SGN,1
PEK,SIN,2
PEK,SVO,4
PEK,SYD,1
PEK,SZX,4
PEK,TAO,5
PEK,TLV,2
PEK,TPE,4
PEK,TXL,2
PEK,VIE,2
PEK,VKO,1
PEK,WAW,2
PEK,YVR,2
PEK,YYZ,3
PEK,ZRH,1
PEN,BKK,2
PEN,CAN,1
PEN,CGK,1
PEN,DMK,1
PEN,HKG,3
PEN,HKT,2
PEN,KUL,4
PEN,SIN,6
PEN,TPE,1
PER,AKL,3
PER,BKK,2
PER,BNE,4
PER,CAN,1
PER,CGK,2
PER,DOH,1
PER,DPS,5
PER,DXB,2
PER,HKG,1
PER,HKT,1
PER,JNB,2
PER,KUL,2
PER,MEL,5
PER,SIN,9
PER,SYD,5
PHL,AMS,2
PHL,ATH,3
PHL,ATL,9
PHL,AUA,2
PHL,BCN,2
PHL,BOS,3
PHL,BRU,2
PHL,CDG,4
PHL,CLT,2
PHL,CUN,3
PHL,DFW,3
PHL,DOH,2
PHL,DTW,3
PHL,DUB,2
PHL,EWR,2
PHL,FCO,2
PHL,FLL,4
PHL,FRA,3
PHL,GLA,2
PHL,IAD,1
PHL,IAH,3
PHL,JFK,1
PHL,LAX,3
PHL,LHR,5
PHL,LIS,3
PHL,MAD,2
PHL,MAN,2
PHL,MBJ,2
PHL,MCO,4
PHL,MIA,2
PHL,MSP,3
PHL,MUC,2
PHL,ORD,3
PHL,PUJ,3
PHL,SDQ,2
PHL,SEA,3
PHL,SFO,4
PHL,TLV,2
PHL,VCE,2
PHL,YUL,2
PHL,YYZ,4
PHL,ZRH,2
PMI,AGP,4
PMI,ALC,3
PMI,ALG,1
PMI,AMS,3
PMI,ARN,2
PMI,BCN,6
PMI,BGY,1
PMI,BHX,5
PMI,BLQ,1
PMI,BOD,3
PMI,BRS,4
PMI,BRU,4
PMI,BSL,3
PMI,CGN,5
PMI,CIA,1
PMI,CPH,3
PMI,CRL,1
PMI,DME,2
PMI,DUB,2
PMI,DUS,5
PMI,EDI,4
PMI,EIN,2
PMI,FAO,1
PMI,FRA,4
PMI,GLA,4
PMI,GOT,1
PMI,GVA,2
PMI,HAJ,4
PMI,HAM,4
PMI,HEL,1
PMI,IBZ,2
PMI,LCY,2
PMI,LGW,6
PMI,LHR,2
PMI,LTN,3
PMI,LUX,1
PMI,LYS,2
PMI,MAD,4
PMI,MAN,8
PMI,MRS,3
PMI,MUC,4
PMI,MXP,1
PMI,NTE,1
PMI,OPO,1
PMI,ORY,4
PMI,OSL,2
PMI,PRG,2
PMI,SOF,1
PMI,STN,3
PMI,STR,4
PMI,SXF,2
PMI,TLS,2
PMI,TXL,2
PMI,VIE,3
PMI,VLC,5
PMI,ZRH,2
PNH,BKK,4
PNH,CAN,1
PNH,DMK,1
PNH,HAN,2
PNH,HKG,1
PNH,ICN,2
PNH,KUL,2
PNH,PVG,1
PNH,RGN,1
PNH,SGN,3
PNH,SIN,5
PNH,TPE,2
PRG,AGP,1
PRG,AMS,4
PRG,ARN,5
PRG,ATH,1
PRG,AYT,1
PRG,BCN,5
PRG,BEG,1
PRG,BGY,1
PRG,BRS,1
PRG,BRU,4
PRG,BSL,1
PRG,BUD,2
PRG,CDG,5
PRG,CGN,1
PRG,CPH,4
PRG,DUB,2
PRG,DUS,3
PRG,DXB,2
PRG,EDI,2
PRG,FCO,7
PRG,FRA,4
PRG,GVA,1
PRG,GYD,2
PRG,HAM,3
PRG,HEL,3
PRG,HER,2
PRG,ICN,2
PRG,IST,1
PRG,KBP,3
PRG,LED,2
PRG,LGW,1
PRG,LHR,2
PRG,LIS,1
PRG,LPA,1
PRG,LTN,1
PRG,LYS,2
PRG,MAD,4
PRG,MAN,2
PRG,MLA,2
PRG,MRS,1
PRG,MSQ,2
PRG,MUC,1
PRG,MXP,3
PRG,NAP,1
PRG,NCE,2
PRG,NTE,1
PRG,ORY,1
PRG,OSL,2
PRG,OTP,3
PRG,PMI,2
PRG,RIX,2
PRG,SOF,2
PRG,STN,2
PRG,SVO,2
PRG,TFS,1
PRG,TLV,4
PRG,TXL,2
PRG,VCE,2
PRG,VIE,1
PRG,VLC,2
PRG,VNO,1
PRG,WAW,3
PRG,ZRH,3
PUJ,AMS,1
PUJ,ATL,3
PUJ,BOG,2
PUJ,BOS,1
PUJ,CDG,3
PUJ,CLT,2
PUJ,DME,1
PUJ,DTW,1
PUJ,DUS,1
PUJ,EWR,1
PUJ,EZE,1
PUJ,FLL,2
PUJ,FRA,1
PUJ,IAD,1
PUJ,JFK,2
PUJ,LED,1
PUJ,LGW,1
PUJ,LIM,1
PUJ,LYS,1
PUJ,MAD,3
PUJ,MBJ,1
PUJ,MIA,4
PUJ,MSP,1
PUJ,MUC,2
PUJ,NTE,1
PUJ,ORD,2
PUJ,PHL,3
PUJ,SCL,1
PUJ,SDQ,2
PUJ,SVO,2
PUJ,TLS,1
PUJ,YUL,3
PUJ,YYZ,3
PUJ,ZRH,1
PUS,BKK,4
PUS,CAN,1
PUS,CEB,3
PUS,FUK,3
PUS,HAN,2
PUS,HGH,2
PUS,HKG,4
PUS,KHH,1
PUS,KIX,5
PUS,KUL,1
PUS,MFM,2
PUS,MNL,3
PUS,NGO,2
PUS,NRT,5
PUS,PEK,4
PUS,PVG,4
PUS,SGN,2
PUS,TAO,5
PUS,TPE,2
PVG,ADD,1
PVG,AKL,2
PVG,AMS,3
PVG,AUH,2
PVG,BKK,5
PVG,CAN,6
PVG,CDG,3
PVG,CGK,2
PVG,CMB,1
PVG,CPH,1
PVG,CTU,7
PVG,DAD,1
PVG,DEL,2
PVG,DOH,1
PVG,DPS,1
PVG,DTW,3
PVG,DXB,1
PVG,EWR,2
PVG,FCO,2
PVG,FRA,3
PVG,FUK,3
PVG,HAN,2
PVG,HEL,2
PVG,HKG,7
PVG,HKT,4
PVG,HNL,1
PVG,ICN,5
PVG,IKA,1
PVG,IST,2
PVG,JFK,2
PVG,KHH,4
PVG,KIX,7
PVG,KMG,6
PVG,KUL,4
PVG,LAX,6
PVG,LHR,4
PVG,MEL,4
PVG,MFM,6
PVG,MLE,1
PVG,MNL,4
PVG,MUC,2
PVG,MXP,1
PVG,NGO,5
PVG,NRT,5
PVG,ORD,5
PVG,PEK,6
PVG,PNH,2
PVG,PUS,4
PVG,SEA,2
PVG,SFO,4
PVG,SGN,2
PVG,SIN,3
PVG,SVO,2
PVG,SYD,4
PVG,SZX,6
PVG,TAO,6
PVG,TPE,8
PVG,YVR,3
PVG,YYZ,2
PVG,ZRH,1
RAK,AMS,1
RAK,BCN,2
RAK,BGY,1
RAK,BHX,1
RAK,BOD,2
RAK,BRS,1
RAK,BRU,3
RAK,BSL,1
RAK,CDG,1
RAK,CGN,1
RAK,CIA,1
RAK,CMN,1
RAK,CPH,1
RAK,CRL,1
RAK,DUB,1
RAK,EIN,1
RAK,GVA,2
RAK,LGW,5
RAK,LIS,1
RAK,LPA,1
RAK,LTN,1
RAK,LUX,1
RAK,LYS,3
RAK,MAD,3
RAK,MAN,3
RAK,MRS,3
RAK,MUC,1
RAK,MXP,2
RAK,NCE,2
RAK,NTE,2
RAK,ORY,2
RAK,OSL,1
RAK,STN,2
RAK,SXF,1
RAK,TLS,3
RAK,ZRH,1
RGN,BKK,4
RGN,CAN,2
RGN,DAC,1
RGN,DMK,2
RGN,DOH,1
RGN,HAN,1
RGN,HKG,1
RGN,ICN,3
RGN,KMG,2
RGN,KUL,3
RGN,NRT,1
RGN,PEK,1
RGN,PNH,1
RGN,SGN,1
RGN,SIN,6
RGN,TPE,1
RIX,AMS,2
RIX,ARN,3
RIX,ATH,1
RIX,BCN,1
RIX,BGY,1
RIX,BRU,2
RIX,BUD,1
RIX,CDG,2
RIX,CPH,3
RIX,DME,2
RIX,DUB,1
RIX,DUS,2
RIX,EIN,1
RIX,FCO,2
RIX,FRA,3
RIX,GOT,1
RIX,GYD,2
RIX,HAM,2
RIX,HEL,2
RIX,HER,1
RIX,IST,1
RIX,JFK,1
RIX,KBP,2
RIX,LCA,1
RIX,LED,1
RIX,LGW,1
RIX,LTN,1
RIX,MAN,1
RIX,MLA,1
RIX,MSQ,2
RIX,MUC,2
RIX,MXP,2
RIX,NCE,1
RIX,OSL,3
RIX,PRG,2
RIX,SAW,1
RIX,STN,1
RIX,SVO,2
RIX,TFS,2
RIX,TLV,1
RIX,TXL,2
RIX,VCE,2
RIX,VIE,2
RIX,VKO,2
RIX,VNO,1
RIX,WAW,2
RIX,ZRH,1
RUH,ADD,2
RUH,AMM,3
RUH,AUH,3
RUH,BAH,2
RUH,BEY,2
RUH,BLR,1
RUH,BOM,3
RUH,CAI,3
RUH,CAN,1
RUH,CDG,2
RUH,CGK,1
RUH,CMB,3
RUH,CMN,1
RUH,COK,1
RUH,DAC,2
RUH,DEL,2
RUH,DMM,2
RUH,DOH,3
RUH,DXB,4
RUH,FCO,2
RUH,FRA,2
RUH,GVA,1
RUH,HKG,1
RUH,IAD,1
RUH,ICN,1
RUH,IST,2
RUH,JED,5
RUH,JFK,1
RUH,KHI,2
RUH,KUL,1
RUH,KWI,4
RUH,LHR,2
RUH,MAA,1
RUH,MCT,2
RUH,MED,2
RUH,MNL,2
RUH,MUC,1
RUH,MXP,2
RUH,SAW,1
RUH,SHJ,1
RUH,SIN,2
SAL,ATL,1
SAL,BOG,1
SAL,CUN,1
SAL,DFW,4
SAL,EWR,2
SAL,FLL,1
SAL,HAV,1
SAL,IAD,2
SAL,IAH,3
SAL,JFK,3
SAL,LAX,3
SAL,LIM,1
SAL,MAD,2
SAL,MCO,2
SAL,MEX,2
SAL,MIA,4
SAL,ORD,1
SAL,SFO,3
SAL,SJO,1
SAL,YYZ,1
SAW,AMS,3
SAW,ARN,1
SAW,ATH,1
SAW,AYT,3
SAW,BCN,1
SAW,BEG,2
SAW,BEY,1
SAW,BGY,1
SAW,BLQ,1
SAW,BRU,1
SAW,BSL,1
SAW,BUD,1
SAW,CDG,1
SAW,CGN,3
SAW,CMN,1
SAW,CPH,1
SAW,CRL,1
SAW,DME,1
SAW,DOH,1
SAW,DUS,3
SAW,DXB,2
SAW,EIN,1
SAW,FCO,1
SAW,FRA,2
SAW,GYD,2
SAW,HAJ,1
SAW,HAM,1
SAW,IKA,2
SAW,JED,1
SAW,KBP,2
SAW,KWI,4
SAW,LGW,1
SAW,MAD,1
SAW,MED,1
SAW,MLA,2
SAW,MRS,1
SAW,MUC,3
SAW,MXP,1
SAW,ORY,2
SAW,OTP,1
SAW,RIX,1
SAW,RUH,1
SAW,SHJ,1
SAW,STN,1
SAW,STR,3
SAW,SXF,2
SAW,TLV,2
SAW,TXL,1
SAW,VIE,2
SAW,ZRH,1
SCL,AKL,2
SCL,ATL,2
SCL,BOG,2
SCL,CDG,2
SCL,CUN,1
SCL,DFW,3
SCL,EZE,5
SCL,GIG,2
SCL,GRU,3
SCL,JFK,2
SCL,LIM,6
SCL,MAD,2
SCL,MEX,2
SCL,MIA,3
SCL,PUJ,1
SCL,SYD,2
SCL,YYZ,1
SDQ,ATL,1
SDQ,BOG,1
SDQ,BOS,1
SDQ,CDG,2
SDQ,EWR,1
SDQ,FLL,2
SDQ,FRA,1
SDQ,GIG,2
SDQ,GRU,2
SDQ,HAV,1
SDQ,JFK,2
SDQ,LIM,1
SDQ,MAD,1
SDQ,MCO,3
SDQ,MIA,4
SDQ,ORY,1
SDQ,PHL,2
SDQ,SJO,1
SEA,AMS,2
SEA,ATL,6
SEA,BOS,3
SEA,CDG,3
SEA,CLT,2
SEA,DFW,3
SEA,DTW,1
SEA,DXB,2
SEA,EWR,3
SEA,FLL,1
SEA,FRA,3
SEA,HND,1
SEA,HNL,5
SEA,IAD,1
SEA,IAH,4
SEA,ICN,4
SEA,JFK,5
SEA,KEF,1
SEA,LAX,5
SEA,LHR,8
SEA,MCO,2
SEA,MIA,2
SEA,MSP,3
SEA,NRT,3
SEA,ORD,4
SEA,PEK,5
SEA,PHL,3
SEA,PVG,2
SEA,SFO,5
SEA,TPE,2
SEA,YVR,5
SEA,YYC,1
SEA,YYZ,1
SFO,AKL,3
SFO,AMS,2
SFO,ATL,11
SFO,BOS,3
SFO,CDG,4
SFO,CLT,2
SFO,CPH,1
SFO,CUN,2
SFO,DFW,5
SFO,DTW,1
SFO,DUB,1
SFO,DXB,2
SFO,EWR,2
SFO,FLL,3
SFO,FRA,3
SFO,GDL,3
SFO,HKG,6
SFO,HND,2
SFO,HNL,5
SFO,IAD,2
SFO,IAH,1
SFO,ICN,7
SFO,JFK,7
SFO,KIX,2
SFO,LAX,7
SFO,LHR,10
SFO,MCO,2
SFO,MEX,4
SFO,MIA,3
SFO,MNL,1
SFO,MSP,3
SFO,MUC,2
SFO,NRT,2
SFO,ORD,5
SFO,PEK,3
SFO,PHL,4
SFO,PVG,4
SFO,SAL,3
SFO,SEA,6
SFO,SJD,4
SFO,SYD,2
SFO,TPE,5
SFO,YUL,2
SFO,YVR,3
SFO,YYC,3
SFO,YYZ,2
SFO,ZRH,2
SGN,AUH,2
SGN,BKK,4
SGN,CAN,2
SGN,CDG,3
SGN,CGK,1
SGN,DAD,3
SGN,DME,2
SGN,DMK,1
SGN,DOH,1
SGN,DXB,1
SGN,FRA,2
SGN,FUK,2
SGN,HAN,3
SGN,HKG,4
SGN,HND,1
SGN,ICN,3
SGN,KHH,3
SGN,KIX,2
SGN,KUL,3
SGN,MEL,2
SGN,MNL,3
SGN,NGO,1
SGN,NRT,4
SGN,PEK,1
SGN,PNH,3
SGN,PUS,2
SGN,PVG,2
SGN,RGN,1
SGN,SIN,5
SGN,SVO,1
SGN,SYD,2
SGN,TPE,3
SHJ,AMM,1
SHJ,AUH,1
SHJ,BAH,1
SHJ,BEY,1
SHJ,BLR,1
SHJ,BOM,1
SHJ,CAI,2
SHJ,CMB,3
SHJ,COK,4
SHJ,DAC,1
SHJ,DEL,1
SHJ,DME,1
SHJ,DMM,1
SHJ,DOH,2
SHJ,IKA,1
SHJ,JED,1
SHJ,KBP,1
SHJ,KHI,2
SHJ,KTM,1
SHJ,KWI,1
SHJ,MAA,2
SHJ,MCT,1
SHJ,MED,1
SHJ,NBO,1
SHJ,RUH,1
SHJ,SAW,1
SIN,AKL,3
SIN,AMS,3
SIN,AUH,6
SIN,BCN,1
SIN,BKK,9
SIN,BLR,3
SIN,BNE,9
SIN,BOM,3
SIN,CAN,3
SIN,CDG,2
SIN,CEB,4
SIN,CGK,10
SIN,CMB,5
SIN,COK,3
SIN,CPH,2
SIN,CTU,3
SIN,DAC,4
SIN,DAD,3
SIN,DEL,4
SIN,DME,2
SIN,DMK,1
SIN,DOH,1
SIN,DPS,10
SIN,DXB,5
SIN,FCO,1
SIN,FRA,3
SIN,FUK,2
SIN,HAN,4
SIN,HEL,1
SIN,HGH,1
SIN,HKG,8
SIN,HKT,6
SIN,HND,4
SIN,ICN,5
SIN,IST,3
SIN,JED,1
SIN,JNB,4
SIN,KHH,1
SIN,KIX,2
SIN,KMG,2
SIN,KTM,2
SIN,KUL,10
SIN,LHR,4
SIN,MAA,7
SIN,MEL,7
SIN,MFM,1
SIN,MLE,2
SIN,MNL,5
SIN,MUC,4
SIN,MXP,1
SIN,NGO,2
SIN,NRT,8
SIN,PEK,2
SIN,PEN,6
SIN,PER,9
SIN,PNH,4
SIN,PVG,3
SIN,RGN,6
SIN,RUH,2
SIN,SGN,5
SIN,SYD,9
SIN,SZX,5
SIN,TAO,1
SIN,TPE,7
SIN,ZRH,3
SIP,DME,3
SIP,KBP,1
SIP,LED,1
SIP,SVO,1
SJD,ATL,5
SJD,CLT,2
SJD,DFW,3
SJD,EWR,1
SJD,GDL,3
SJD,IAH,1
SJD,LAX,5
SJD,MEX,3
SJD,ORD,4
SJD,SFO,4
SJD,YVR,1
SJD,YYC,2
SJO,ATL,2
SJO,BOG,1
SJO,CLT,3
SJO,DFW,2
SJO,EWR,1
SJO,FLL,2
SJO,IAD,1
SJO,IAH,1
SJO,JFK,3
SJO,LAX,1
SJO,LIM,1
SJO,MAD,1
SJO,MCO,1
SJO,MEX,3
SJO,MIA,3
SJO,ORD,1
SJO,SAL,1
SJO,SDQ,1
SJO,YYZ,1
SKG,AMS,1
SKG,ARN,2
SKG,ATH,6
SKG,BEG,1
SKG,BGY,1
SKG,BSL,1
SKG,BUD,1
SKG,CDG,1
SKG,CGN,1
SKG,CIA,1
SKG,CPH,2
SKG,CRL,1
SKG,DME,3
SKG,DUS,4
SKG,FCO,2
SKG,FRA,2
SKG,HAJ,2
SKG,HAM,2
SKG,HER,2
SKG,IST,1
SKG,LCA,2
SKG,LED,2
SKG,LGW,2
SKG,MAN,1
SKG,MUC,4
SKG,OTP,1
SKG,STN,1
SKG,STR,4
SKG,SVO,1
SKG,SXF,1
SKG,TXL,1
SKG,VIE,3
SOF,AGP,1
SOF,AMS,1
SOF,ATH,4
SOF,BCN,2
SOF,BEG,1
SOF,BGY,1
SOF,BLQ,1
SOF,BRU,1
SOF,CDG,2
SOF,CRL,1
SOF,EIN,1
SOF,FCO,3
SOF,FRA,3
SOF,IST,1
SOF,LCA,3
SOF,LGW,1
SOF,LHR,3
SOF,LTN,1
SOF,MAD,3
SOF,MAN,1
SOF,MUC,1
SOF,MXP,2
SOF,OTP,3
SOF,PMI,1
SOF,PRG,2
SOF,STN,1
SOF,SVO,2
SOF,SXF,1
SOF,TLV,2
SOF,TXL,3
SOF,VIE,2
SOF,VLC,1
SOF,WAW,2
SOF,ZRH,1
STN,AGP,2
STN,ALC,1
STN,AMS,1
STN,ATH,1
STN,BCN,1
STN,BGY,1
STN,BLQ,1
STN,BOD,1
STN,BSL,1
STN,BUD,1
STN,CGN,1
STN,CIA,1
STN,CPH,1
STN,DUB,1
STN,DUS,1
STN,EDI,1
STN,EIN,1
STN,FAO,2
STN,GDN,1
STN,GLA,1
STN,HAJ,1
STN,IBZ,3
STN,KRK,1
STN,LIS,1
STN,LPA,2
STN,LYS,1
STN,MAD,1
STN,MLA,1
STN,MRS,1
STN,MUC,1
STN,NAP,1
STN,NCE,1
STN,OPO,1
STN,OTP,1
STN,PMI,4
STN,PRG,2
STN,RAK,2
STN,RIX,1
STN,SAW,1
STN,SKG,1
STN,SOF,1
STN,STR,1
STN,SXF,1
STN,TFS,3
STN,VLC,1
STN,VNO,1
STR,AGP,2
STR,ALC,1
STR,AMS,1
STR,ATH,1
STR,ATL,3
STR,AYT,4
STR,BCN,3
STR,BEG,3
STR,BHX,1
STR,BRU,1
STR,BUD,1
STR,CDG,2
STR,CPH,1
STR,DUB,1
STR,DUS,1
STR,EWR,2
STR,FAO,2
STR,FCO,1
STR,FRA,1
STR,GVA,1
STR,HAJ,2
STR,HAM,2
STR,HER,3
STR,IBZ,2
STR,IST,1
STR,KRK,1
STR,LHR,4
STR,LIS,1
STR,LPA,2
STR,MUC,2
STR,MXP,1
STR,NAP,3
STR,PMI,4
STR,SAW,3
STR,SKG,4
STR,STN,1
STR,SVO,1
STR,TFS,2
STR,TXL,3
STR,VCE,2
STR,VIE,3
STR,ZRH,2
SVO,AGP,2
SVO,ALG,1
SVO,AMS,2
SVO,ARN,2
SVO,ATH,1
SVO,AYT,2
SVO,BCN,2
SVO,BEG,2
SVO,BEY,2
SVO,BKK,1
SVO,BLQ,2
SVO,BRU,1
SVO,BUD,1
SVO,CAI,1
SVO,CAN,2
SVO,CDG,2
SVO,CMN,2
SVO,CPH,2
SVO,DEL,1
SVO,DUS,1
SVO,DXB,2
SVO,FCO,2
SVO,FRA,1
SVO,GVA,1
SVO,GYD,2
SVO,HAJ,1
SVO,HAM,1
SVO,HAN,1
SVO,HAV,2
SVO,HEL,2
SVO,HER,1
SVO,HKG,1
SVO,IAD,2
SVO,ICN,2
SVO,IKA,2
SVO,IST,1
SVO,JFK,2
SVO,KBP,2
SVO,KRK,1
SVO,LAX,2
SVO,LCA,2
SVO,LED,1
SVO,LHR,1
SVO,MAD,2
SVO,MIA,2
SVO,MLA,2
SVO,MLE,1
SVO,MRS,1
SVO,MSQ,1
SVO,MUC,1
SVO,MXP,2
SVO,NCE,1
SVO,NRT,1
SVO,OSL,2
SVO,OTP,2
SVO,PEK,4
SVO,PRG,2
SVO,PUJ,2
SVO,PVG,2
SVO,RIX,2
SVO,SGN,1
SVO,SIP,1
SVO,SKG,1
SVO,SOF,2
SVO,STR,1
SVO,SXF,1
SVO,TFS,1
SVO,TLV,1
SVO,TXL,2
SVO,VCE,2
SVO,VIE,1
SVO,VNO,1
SVO,WAW,2
SVO,YYZ,1
SVO,ZRH,1
SXF,AGP,1
SXF,AMS,1
SXF,ARN,1
SXF,ATH,1
SXF,AYT,2
SXF,BCN,2
SXF,BEY,1
SXF,BGY,1
SXF,BRS,1
SXF,BRU,1
SXF,BSL,1
SXF,BUD,1
SXF,CAI,1
SXF,CPH,2
SXF,DUB,2
SXF,EDI,1
SXF,FCO,1
SXF,GLA,1
SXF,GVA,1
SXF,HER,2
SXF,KEF,2
SXF,LCA,1
SXF,LED,1
SXF,LGW,1
SXF,LIS,2
SXF,LPA,2
SXF,LTN,1
SXF,LYS,1
SXF,MAD,1
SXF,MAN,1
SXF,MSQ,1
SXF,MXP,1
SXF,NAP,1
SXF,NCE,1
SXF,ORY,1
SXF,OSL,1
SXF,PMI,2
SXF,RAK,1
SXF,SAW,2
SXF,SKG,1
SXF,SOF,1
SXF,STN,1
SXF,SVO,1
SXF,TFS,3
SXF,TLV,3
SXF,VCE,1
SYD,AKL,11
SYD,AUH,3
SYD,BKK,4
SYD,BNE,5
SYD,CAN,1
SYD,CGK,2
SYD,DEL,1
SYD,DFW,2
SYD,DPS,3
SYD,DXB,2
SYD,HKG,5
SYD,HKT,1
SYD,HNL,5
SYD,ICN,4
SYD,JNB,2
SYD,KUL,2
SYD,LAX,6
SYD,MEL,7
SYD,MNL,2
SYD,NRT,2
SYD,PEK,1
SYD,PER,5
SYD,PVG,4
SYD,SCL,2
SYD,SFO,2
SYD,SGN,2
SYD,SIN,9
SYD,TPE,1
SYD,YVR,1
SZX,BKK,2
SZX,CTU,7
SZX,DMK,1
SZX,DPS,1
SZX,HGH,8
SZX,HKT,1
SZX,ICN,3
SZX,KHH,1
SZX,KMG,6
SZX,KUL,1
SZX,PEK,4
SZX,PVG,6
SZX,SIN,5
SZX,TAO,4
SZX,TPE,4
TAO,BKK,1
TAO,CAN,5
TAO,CTU,6
TAO,FUK,2
TAO,HGH,9
TAO,HKG,2
TAO,ICN,6
TAO,KHH,1
TAO,KIX,5
TAO,KMG,3
TAO,NGO,2
TAO,NRT,3
TAO,PEK,5
TAO,PUS,5
TAO,PVG,5
TAO,SIN,1
TAO,SZX,4
TAO,TPE,4
TFS,ALC,1
TFS,AMS,1
TFS,BCN,3
TFS,BGY,1
TFS,BHX,5
TFS,BLQ,1
TFS,BOD,1
TFS,BRS,5
TFS,BRU,1
TFS,BSL,3
TFS,CDG,1
TFS,CGN,4
TFS,CRL,1
TFS,DME,1
TFS,DUB,2
TFS,DUS,3
TFS,EDI,3
TFS,FCO,1
TFS,FRA,2
TFS,GLA,4
TFS,GVA,2
TFS,HAJ,1
TFS,HAM,3
TFS,KBP,1
TFS,LED,1
TFS,LGW,8
TFS,LPA,2
TFS,LTN,3
TFS,LUX,1
TFS,MAD,2
TFS,MAN,7
TFS,MUC,4
TFS,MXP,1
TFS,NTE,1
TFS,OPO,1
TFS,ORY,1
TFS,OSL,1
TFS,PRG,1
TFS,RIX,2
TFS,STN,3
TFS,STR,2
TFS,SVO,1
TFS,SXF,3
TFS,TXL,1
TFS,VIE,3
TFS,VLC,1
TFS,ZRH,2
TLS,AGP,2
TLS,ALG,2
TLS,AMS,2
TLS,ATH,1
TLS,BCN,2
TLS,BRS,2
TLS,BRU,2
TLS,BSL,1
TLS,CDG,4
TLS,CMN,3
TLS,DUB,1
TLS,FCO,3
TLS,FRA,2
TLS,GVA,2
TLS,HAM,2
TLS,IST,1
TLS,LGW,1
TLS,LHR,2
TLS,LIS,1
TLS,LYS,3
TLS,MAD,1
TLS,MAN,1
TLS,MLA,1
TLS,MRS,1
TLS,MUC,1
TLS,MXP,1
TLS,NCE,2
TLS,NTE,2
TLS,ORY,2
TLS,PMI,2
TLS,RAK,3
TLS,TUN,1
TLS,VCE,2
TLS,YUL,1
TLV,ADD,1
TLV,AMM,2
TLV,AMS,4
TLV,ARN,1
TLV,ATH,2
TLV,BCN,4
TLV,BEG,1
TLV,BKK,2
TLV,BOM,1
TLV,BRU,2
TLV,BSL,1
TLV,BUD,2
TLV,CAI,1
TLV,CDG,3
TLV,CGN,1
TLV,CPH,2
TLV,DME,2
TLV,DUS,1
TLV,EWR,2
TLV,FCO,4
TLV,FRA,2
TLV,GVA,3
TLV,GYD,1
TLV,HEL,1
TLV,HER,1
TLV,HKG,1
TLV,ICN,1
TLV,IST,1
TLV,JFK,2
TLV,JNB,1
TLV,KBP,2
TLV,LAX,1
TLV,LCA,3
TLV,LED,2
TLV,LGW,1
TLV,LHR,2
TLV,LTN,2
TLV,MAD,2
TLV,MAN,1
TLV,MRS,2
TLV,MSQ,1
TLV,MUC,3
TLV,MXP,3
TLV,NAP,1
TLV,NCE,2
TLV,ORY,1
TLV,OTP,3
TLV,PEK,2
TLV,PHL,2
TLV,PRG,4
TLV,RIX,1
TLV,SAW,2
TLV,SOF,2
TLV,SVO,1
TLV,SXF,3
TLV,TXL,2
TLV,VCE,1
TLV,VIE,3
TLV,VKO,1
TLV,VNO,1
TLV,WAW,3
TLV,YUL,1
TLV,YYZ,2
TLV,ZRH,2
TPE,AMS,2
TPE,BKK,6
TPE,BNE,2
TPE,CAN,4
TPE,CDG,1
TPE,CGK,3
TPE,CTU,3
TPE,DEL,2
TPE,DPS,3
TPE,DXB,1
TPE,FRA,1
TPE,FUK,5
TPE,HAN,3
TPE,HGH,3
TPE,HKG,6
TPE,HND,1
TPE,HNL,2
TPE,ICN,7
TPE,JFK,1
TPE,KIX,8
TPE,KMG,2
TPE,KUL,4
TPE,LAX,4
TPE,MFM,3
TPE,MNL,6
TPE,NGO,3
TPE,NRT,10
TPE,PEK,4
TPE,PEN,1
TPE,PNH,2
TPE,PUS,2
TPE,PVG,8
TPE,RGN,1
TPE,SEA,2
TPE,SFO,5
TPE,SGN,3
TPE,SIN,7
TPE,SYD,1
TPE,SZX,4
TPE,TAO,4
TPE,VIE,1
TPE,YVR,2
TPE,YYZ,1
TUN,ALG,2
TUN,AMM,1
TUN,AMS,1
TUN,BCN,1
TUN,BEG,1
TUN,BEY,2
TUN,BLQ,1
TUN,BOD,1
TUN,BRU,1
TUN,CAI,2
TUN,CDG,3
TUN,CGN,1
TUN,CMN,2
TUN,DME,1
TUN,DOH,1
TUN,DUS,1
TUN,DXB,2
TUN,FCO,2
TUN,FRA,2
TUN,GVA,1
TUN,IST,2
TUN,JED,2
TUN,KWI,1
TUN,LHR,1
TUN,LIS,1
TUN,LYS,3
TUN,MAD,1
TUN,MED,1
TUN,MLA,1
TUN,MRS,2
TUN,MUC,1
TUN,MXP,2
TUN,NAP,1
TUN,NCE,1
TUN,NTE,2
TUN,ORY,2
TUN,TLS,1
TUN,VCE,1
TUN,VIE,1
TUN,ZRH,1
TXL,AGP,2
TXL,ALC,1
TXL,AMM,2
TXL,AMS,2
TXL,ARN,5
TXL,ATH,2
TXL,AUH,2
TXL,AYT,3
TXL,BCN,4
TXL,BEG,2
TXL,BHX,1
TXL,BLQ,1
TXL,BRU,3
TXL,BUD,1
TXL,CDG,3
TXL,CGN,3
TXL,CPH,6
TXL,DME,2
TXL,DOH,1
TXL,DUS,3
TXL,EIN,1
TXL,EWR,2
TXL,FAO,1
TXL,FCO,3
TXL,FRA,4
TXL,GDN,1
TXL,GOT,3
TXL,HEL,3
TXL,HER,3
TXL,IBZ,2
TXL,IST,1
TXL,JFK,2
TXL,KBP,1
TXL,KRK,1
TXL,LED,1
TXL,LHR,4
TXL,LPA,1
TXL,LUX,2
TXL,MAD,2
TXL,MIA,2
TXL,MLA,1
TXL,MRS,1
TXL,MUC,3
TXL,MXP,2
TXL,NAP,2
TXL,NCE,1
TXL,NTE,1
TXL,ORD,2
TXL,ORY,1
TXL,OSL,4
TXL,OTP,2
TXL,PEK,2
TXL,PMI,2
TXL,PRG,2
TXL,RIX,2
TXL,SAW,1
TXL,SKG,1
TXL,SOF,3
TXL,STR,3
TXL,SVO,2
TXL,TFS,1
TXL,TLV,2
TXL,VCE,2
TXL,VIE,5
TXL,VKO,1
TXL,VNO,1
TXL,WAW,1
TXL,ZRH,4
VCE,AMS,3
VCE,ARN,1
VCE,ATH,2
VCE,BCN,2
VCE,BHX,1
VCE,BOD,1
VCE,BRU,3
VCE,BSL,1
VCE,CDG,3
VCE,CGN,1
VCE,CPH,4
VCE,DOH,2
VCE,DUB,1
VCE,DUS,3
VCE,DXB,1
VCE,EDI,1
VCE,EIN,1
VCE,FCO,1
VCE,FRA,1
VCE,GVA,1
VCE,HAJ,1
VCE,HAM,2
VCE,IST,1
VCE,JFK,2
VCE,LCY,1
VCE,LED,2
VCE,LGW,4
VCE,LHR,2
VCE,LIS,2
VCE,LTN,1
VCE,LYS,3
VCE,MAD,1
VCE,MAN,4
VCE,MRS,2
VCE,MUC,2
VCE,NAP,2
VCE,NCE,3
VCE,NRT,1
VCE,NTE,2
VCE,ORY,2
VCE,OSL,1
VCE,PHL,2
VCE,PRG,2
VCE,RIX,2
VCE,STR,2
VCE,SVO,2
VCE,SXF,1
VCE,TLS,2
VCE,TLV,1
VCE,TUN,1
VCE,TXL,2
VCE,VIE,1
VCE,VKO,1
VCE,YUL,1
VCE,YYZ,1
VCE,ZRH,1
VIE,AGP,2
VIE,ALG,1
VIE,AMM,3
VIE,AMS,2
VIE,ARN,4
VIE,ATH,2
VIE,AYT,4
VIE,BCN,6
VIE,BEG,2
VIE,BKK,3
VIE,BLQ,1
VIE,BRU,2
VIE,BSL,2
VIE,BUD,1
VIE,CAI,2
VIE,CDG,4
VIE,CGN,3
VIE,CPH,5
VIE,DEL,2
VIE,DME,5
VIE,DOH,1
VIE,DUB,1
VIE,DUS,3
VIE,DXB,2
VIE,FCO,5
VIE,FRA,5
VIE,GVA,2
VIE,GYD,2
VIE,HAJ,3
VIE,HAM,4
VIE,HEL,2
VIE,HER,4
VIE,IAD,2
VIE,IKA,2
VIE,IST,3
VIE,JFK,2
VIE,KBP,2
VIE,KRK,2
VIE,LCA,3
VIE,LED,3
VIE,LGW,1
VIE,LHR,4
VIE,LIS,2
VIE,LPA,3
VIE,LUX,2
VIE,LYS,2
VIE,MAD,3
VIE,MAN,1
VIE,MLA,4
VIE,MSQ,2
VIE,MUC,5
VIE,MXP,5
VIE,NAP,1
VIE,NCE,3
VIE,NRT,2
VIE,ORD,2
VIE,OSL,2
VIE,OTP,2
VIE,PEK,2
VIE,PMI,3
VIE,PRG,1
VIE,RIX,2
VIE,SAW,2
VIE,SKG,3
VIE,SOF,2
VIE,STR,3
VIE,SVO,1
VIE,TFS,3
VIE,TLV,3
VIE,TPE,1
VIE,TUN,1
VIE,TXL,5
VIE,VCE,1
VIE,VKO,2
VIE,VLC,2
VIE,VNO,1
VIE,WAW,2
VIE,YYZ,3
VIE,ZRH,6
VKO,AGP,1
VKO,AYT,2
VKO,BUD,1
VKO,CUN,1
VKO,DUS,1
VKO,FCO,1
VKO,FRA,2
VKO,HER,1
VKO,HKT,1
VKO,IST,2
VKO,JFK,1
VKO,LAX,1
VKO,LED,2
VKO,LHR,2
VKO,MAD,1
VKO,MIA,1
VKO,MLE,1
VKO,MXP,1
VKO,ORY,2
VKO,PEK,1
VKO,RIX,2
VKO,TLV,1
VKO,TXL,1
VKO,VCE,1
VKO,VIE,2
VKO,VNO,1
VKO,YYZ,1
VLC,AGP,1
VLC,AMS,3
VLC,BGY,1
VLC,BLQ,1
VLC,BRS,1
VLC,BRU,3
VLC,CDG,2
VLC,CIA,1
VLC,CMN,2
VLC,CRL,1
VLC,DME,1
VLC,DUB,1
VLC,DUS,1
VLC,EIN,1
VLC,FCO,3
VLC,FRA,2
VLC,GVA,1
VLC,IBZ,3
VLC,IST,1
VLC,LGW,1
VLC,LIS,3
VLC,LPA,2
VLC,MAD,3
VLC,MAN,1
VLC,MRS,1
VLC,MUC,1
VLC,NTE,1
VLC,OPO,1
VLC,ORY,2
VLC,OTP,1
VLC,PMI,5
VLC,PRG,2
VLC,SOF,1
VLC,STN,1
VLC,TFS,1
VLC,VIE,2
VLC,ZRH,1
VNO,ARN,2
VNO,BCN,2
VNO,BGY,2
VNO,BRU,4
VNO,CDG,1
VNO,CIA,1
VNO,CPH,2
VNO,CRL,1
VNO,DME,1
VNO,DUB,1
VNO,EIN,1
VNO,FCO,1
VNO,FRA,2
VNO,HEL,2
VNO,HER,1
VNO,IST,1
VNO,KBP,1
VNO,LED,1
VNO,LTN,1
VNO,MSQ,1
VNO,MUC,1
VNO,OSL,1
VNO,PRG,1
VNO,RIX,1
VNO,STN,1
VNO,SVO,1
VNO,TLV,1
VNO,TXL,1
VNO,VIE,1
VNO,VKO,1
VNO,WAW,1
WAW,AGP,1
WAW,AMS,2
WAW,ARN,1
WAW,ATH,2
WAW,BCN,5
WAW,BEG,2
WAW,BGY,1
WAW,BRU,1
WAW,BUD,2
WAW,CDG,2
WAW,CGN,1
WAW,CPH,3
WAW,CRL,1
WAW,DOH,1
WAW,DUB,1
WAW,DUS,3
WAW,DXB,2
WAW,EIN,1
WAW,FCO,2
WAW,FRA,3
WAW,GDN,1
WAW,GLA,1
WAW,GVA,2
WAW,HAM,2
WAW,HEL,2
WAW,IST,2
WAW,JFK,1
WAW,KBP,2
WAW,KRK,1
WAW,LCA,1
WAW,LED,1
WAW,LHR,5
WAW,LIS,2
WAW,LTN,1
WAW,MAD,1
WAW,MSQ,2
WAW,MUC,2
WAW,MXP,1
WAW,NCE,1
WAW,ORD,1
WAW,OSL,1
WAW,OTP,2
WAW,PEK,2
WAW,PRG,3
WAW,RIX,2
WAW,SOF,2
WAW,SVO,2
WAW,TLV,3
WAW,TXL,1
WAW,VIE,2
WAW,VNO,1
WAW,YYZ,2
WAW,ZRH,2
YUL,AGP,1
YUL,ALG,1
YUL,AMM,3
YUL,AMS,2
YUL,ATH,1
YUL,ATL,3
YUL,BCN,1
YUL,BOD,1
YUL,BOS,2
YUL,BRU,4
YUL,CDG,6
YUL,CLT,2
YUL,CMN,1
YUL,CUN,3
YUL,DFW,3
YUL,DOH,1
YUL,DTW,4
YUL,EWR,2
YUL,FCO,1
YUL,FLL,3
YUL,FRA,2
YUL,GVA,4
YUL,IAD,2
YUL,IAH,2
YUL,JFK,6
YUL,LAX,2
YUL,LGW,1
YUL,LHR,6
YUL,LIS,1
YUL,LYS,1
YUL,MBJ,2
YUL,MCO,2
YUL,MEX,1
YUL,MIA,3
YUL,MRS,1
YUL,MSP,2
YUL,MUC,2
YUL,NCE,1
YUL,ORD,6
YUL,ORY,1
YUL,PHL,2
YUL,PUJ,3
YUL,SFO,2
YUL,TLS,1
YUL,TUN,1
YUL,VCE,1
YUL,YVR,2
YUL,YYC,2
YUL,YYZ,6
YUL,ZRH,2
YVR,AKL,2
YVR,AMS,2
YVR,CAN,1
YVR,CUN,2
YVR,DFW,3
YVR,EWR,3
YVR,FRA,3
YVR,HKG,2
YVR,HND,2
YVR,HNL,3
YVR,IAH,1
YVR,ICN,3
YVR,JFK,1
YVR,LAX,5
YVR,LGW,1
YVR,LHR,6
YVR,MAN,1
YVR,MEX,1
YVR,MNL,1
YVR,MSP,1
YVR,MUC,2
YVR,NRT,4
YVR,ORD,5
YVR,PEK,2
YVR,PVG,3
YVR,SEA,5
YVR,SFO,3
YVR,SJD,1
YVR,SYD,1
YVR,TPE,2
YVR,YUL,2
YVR,YYC,3
YVR,YYZ,3
YYC,AMS,3
YYC,CUN,2
YYC,DFW,4
YYC,EWR,1
YYC,FRA,3
YYC,GLA,1
YYC,IAH,2
YYC,JFK,3
YYC,LAX,4
YYC,LGW,1
YYC,LHR,6
YYC,MAN,1
YYC,MCO,1
YYC,MSP,1
YYC,NRT,2
YYC,ORD,5
YYC,SEA,1
YYC,SFO,3
YYC,SJD,2
YYC,YUL,2
YYC,YVR,3
YYC,YYZ,3
YYZ,ADD,1
YYZ,AMS,3
YYZ,ATH,1
YYZ,ATL,6
YYZ,AUA,2
YYZ,AUH,2
YYZ,BCN,2
YYZ,BOG,2
YYZ,BOS,2
YYZ,BRU,2
YYZ,CAI,1
YYZ,CDG,6
YYZ,CLT,3
YYZ,CPH,3
YYZ,CUN,3
YYZ,DFW,5
YYZ,DTW,5
YYZ,DUB,3
YYZ,DXB,1
YYZ,EWR,2
YYZ,FCO,5
YYZ,FLL,4
YYZ,FRA,2
YYZ,GLA,1
YYZ,GRU,2
YYZ,HAV,1
YYZ,HKG,2
YYZ,IAD,2
YYZ,IAH,2
YYZ,ICN,1
YYZ,IST,2
YYZ,JED,1
YYZ,JFK,6
YYZ,KEF,1
YYZ,KHI,1
YYZ,LAX,5
YYZ,LGW,1
YYZ,LHR,6
YYZ,LIM,1
YYZ,LIS,3
YYZ,MAN,1
YYZ,MBJ,3
YYZ,MCO,5
YYZ,MEX,2
YYZ,MIA,4
YYZ,MSP,4
YYZ,MUC,2
YYZ,NRT,2
YYZ,OPO,3
YYZ,ORD,6
YYZ,PEK,3
YYZ,PHL,4
YYZ,PUJ,3
YYZ,PVG,2
YYZ,SAL,1
YYZ,SCL,1
YYZ,SEA,1
YYZ,SFO,2
YYZ,SJO,1
YYZ,SVO,1
YYZ,TLV,2
YYZ,TPE,1
YYZ,VCE,1
YYZ,VIE,3
YYZ,VKO,1
YYZ,WAW,2
YYZ,YUL,7
YYZ,YVR,3
YYZ,YYC,2
YYZ,ZRH,2
ZRH,AGP,1
ZRH,ALC,1
ZRH,AMM,1
ZRH,AMS,2
ZRH,ARN,2
ZRH,ATH,1
ZRH,ATL,1
ZRH,AYT,3
ZRH,BCN,3
ZRH,BEG,2
ZRH,BHX,1
ZRH,BKK,2
ZRH,BOD,1
ZRH,BOM,2
ZRH,BOS,2
ZRH,BRS,1
ZRH,BRU,2
ZRH,BUD,1
ZRH,CAI,2
ZRH,CDG,2
ZRH,CGN,2
ZRH,CMN,1
ZRH,CPH,2
ZRH,DEL,2
ZRH,DME,1
ZRH,DOH,1
ZRH,DUB,2
ZRH,DUS,3
ZRH,DXB,3
ZRH,EWR,2
ZRH,FCO,3
ZRH,FRA,3
ZRH,GDN,1
ZRH,GRU,1
ZRH,GVA,3
ZRH,HAJ,2
ZRH,HAM,3
ZRH,HAV,1
ZRH,HEL,2
ZRH,HER,2
ZRH,HKG,1
ZRH,IAD,2
ZRH,IBZ,1
ZRH,ICN,1
ZRH,IST,4
ZRH,JFK,4
ZRH,JNB,2
ZRH,KBP,2
ZRH,KEF,1
ZRH,KRK,1
ZRH,LAX,2
ZRH,LCA,3
ZRH,LCY,3
ZRH,LED,1
ZRH,LGW,1
ZRH,LHR,4
ZRH,LIS,6
ZRH,LPA,3
ZRH,LTN,1
ZRH,LUX,1
ZRH,LYS,1
ZRH,MAD,3
ZRH,MAN,1
ZRH,MCT,2
ZRH,MIA,2
ZRH,MLA,2
ZRH,MUC,2
ZRH,MXP,1
ZRH,NAP,2
ZRH,NBO,3
ZRH,NCE,1
ZRH,NRT,2
ZRH,OPO,2
ZRH,ORD,2
ZRH,OSL,2
ZRH,OTP,1
ZRH,PEK,1
ZRH,PHL,2
ZRH,PMI,2
ZRH,PRG,3
ZRH,PUJ,1
ZRH,PVG,1
ZRH,RAK,1
ZRH,RIX,1
ZRH,SAW,1
ZRH,SFO,2
ZRH,SIN,3
ZRH,SOF,1
ZRH,STR,2
ZRH,SVO,1
ZRH,TFS,2
ZRH,TLV,2
ZRH,TUN,1
ZRH,TXL,4
ZRH,VCE,1
ZRH,VIE,5
ZRH,VLC,1
ZRH,WAW,2
ZRH,YUL,2
ZRH,YYZ,2
